PM2.5,O3,PM10,SO2,NO2,CO
20.46,23.42,8.55,4.83,0.26,55.55
24.28,28.29,7.41,4.34,0.29,64.68
28.17,34.2,8.36,5.3,0.34,67.28
30.77,35.97,8.63,6.77,0.37,48.9
27.57,32.22,7.61,6.41,0.35,51.8
33.45,37.77,7.92,5.58,0.37,57.63
35.02,39.56,7.53,4.46,0.38,64.6
39.92,44.35,7.85,4.96,0.4,61.87
46.51,52.38,9.55,4.75,0.47,65.82
58.33,67.12,12.03,4.87,0.55,67.56
55.81,61.23,10.2,5.23,0.5,65.71
41.06,44.12,9.28,4.57,0.42,66.15
40.65,45.28,7.49,3.44,0.42,73.58
45.98,50.96,7.78,3.47,0.45,74.83
19.75,24.42,2.95,2.3,0.28,79.88
15.37,20.42,1.96,2.48,0.26,73.72
27.41,32.67,7.65,3.24,0.34,81.62
68.97,80.04,15.16,5.15,0.66,67.06
34.14,40.49,7.02,2.97,0.39,69.73
9.44,15.09,1.63,2.49,0.22,72.24
8.36,12.77,1.38,2.84,0.2,71.63
8.94,13.27,1.95,2.98,0.21,69.69
30.3,40.05,7.99,4.75,0.4,68.73
44.78,56.59,5.01,3.92,0.49,67.29
48.36,56.11,9.26,3.34,0.48,79.36
56.82,66.99,7.21,3.03,0.52,75.79
48.92,57.52,6.67,3.7,0.5,75.96
40.87,49.06,6.96,2.44,0.44,78.05
18.77,25.46,2.62,2.02,0.28,76.2
8.18,13.98,1.4,1.8,0.2,77.41
9.43,14.01,1.53,1.69,0.19,80.94
7.27,11.11,1.35,2.27,0.18,75.26
8.52,12.21,1.66,2.61,0.19,71.22
12.76,18.8,2.76,2.65,0.21,66.88
14.56,21.02,1.76,3.04,0.23,55.52
8.75,12.42,1.5,2.49,0.17,54.57
8.31,11.0,1.64,2.89,0.15,54.66
5.48,7.73,1.46,2.28,0.13,58.49
13.54,18.79,2.72,3.87,0.21,59.6
28.23,39.44,7.56,7.04,0.39,50.98
19.39,25.36,4.1,2.57,0.27,74.56
19.04,23.86,2.96,2.27,0.25,80.31
17.36,23.87,2.71,2.47,0.25,80.29
32.13,40.71,7.75,3.17,0.37,79.88
26.5,34.3,3.39,2.72,0.31,73.14
17.12,23.2,2.06,2.75,0.24,68.17
27.04,34.29,6.47,3.14,0.3,73.88
21.12,29.62,1.87,2.22,0.27,73.73
17.01,22.98,1.79,2.67,0.23,68.43
11.74,15.08,2.01,2.79,0.18,65.37
24.63,33.6,6.3,3.31,0.31,71.19
14.65,24.06,2.69,2.09,0.24,77.67
24.07,29.73,6.15,2.72,0.3,85.59
33.67,39.45,8.74,3.27,0.37,80.02
19.78,28.77,2.43,1.83,0.27,80.22
15.46,26.39,1.29,1.69,0.23,74.17
11.14,18.41,1.31,2.26,0.19,66.2
9.78,13.62,1.75,2.62,0.17,60.45
9.28,11.96,1.72,2.69,0.15,55.77
8.24,11.15,1.63,2.17,0.14,58.17
15.99,21.26,4.08,5.05,0.22,54.05
37.33,44.67,11.23,6.88,0.42,56.9
33.97,38.2,10.12,3.41,0.36,81.16
24.3,28.73,5.77,2.72,0.29,84.78
13.11,18.29,1.97,2.08,0.21,80.91
14.34,18.23,1.93,2.35,0.2,78.72
17.64,20.3,2.45,3.12,0.22,81.11
19.29,21.85,2.85,3.19,0.22,87.08
16.84,19.21,2.67,3.23,0.2,82.8
12.04,14.28,1.77,2.35,0.17,82.29
11.98,16.1,1.56,2.37,0.17,72.76
14.83,19.31,1.9,2.61,0.18,66.94
18.97,23.12,2.55,2.52,0.2,71.59
26.81,36.72,2.94,2.12,0.29,78.4
15.37,23.77,1.65,1.81,0.21,81.79
16.01,21.63,1.54,1.7,0.2,81.7
13.28,18.17,1.41,1.75,0.17,68.5
5.57,9.51,1.1,1.58,0.13,52.79
3.17,6.4,1.08,1.69,0.12,47.74
6.28,8.99,1.72,2.54,0.13,47.38
9.33,12.28,1.69,2.32,0.12,51.56
10.65,13.32,1.8,2.47,0.12,53.63
10.96,13.79,1.69,2.23,0.12,55.38
10.54,13.47,2.05,2.8,0.12,49.13
5.23,8.47,1.46,2.1,0.1,44.62
9.03,12.01,1.97,3.18,0.13,45.9
6.33,8.92,1.5,2.28,0.1,44.38
8.23,10.89,1.73,2.4,0.11,47.46
10.13,12.98,1.79,2.53,0.11,47.97
9.72,12.33,1.94,2.63,0.11,47.59
10.18,13.28,1.91,2.57,0.12,50.17
9.89,12.56,1.69,2.79,0.12,49.99
11.76,14.65,1.51,2.45,0.14,56.96
7.46,11.27,1.22,1.81,0.11,51.44
4.97,10.3,1.21,2.02,0.16,56.34
35.48,39.74,10.93,4.56,0.35,71.1
41.23,45.43,9.43,3.47,0.32,83.92
33.76,39.32,4.79,3.21,0.3,83.19
21.49,26.69,2.27,3.18,0.24,78.0
19.36,25.44,2.25,2.48,0.22,85.81
29.35,36.7,2.83,2.0,0.25,93.81
30.25,36.69,4.58,2.63,0.25,88.74
29.94,35.18,4.0,2.77,0.23,88.99
28.88,33.22,2.97,3.21,0.22,85.45
29.6,33.95,2.74,3.02,0.22,84.63
21.76,25.66,1.91,2.26,0.18,78.75
10.76,14.27,1.38,2.26,0.13,55.2
5.71,8.67,1.48,2.5,0.11,40.68
3.3,5.89,1.18,2.15,0.1,36.28
2.23,5.39,1.11,2.08,0.1,34.6
3.85,6.21,1.45,2.35,0.09,37.61
9.67,12.53,1.44,2.26,0.1,44.8
10.9,16.31,1.36,2.45,0.13,51.57
10.28,14.25,1.42,2.18,0.12,52.73
7.75,10.47,1.22,1.91,0.11,46.08
6.39,8.62,1.39,2.22,0.1,41.94
2.55,4.5,0.97,1.71,0.09,36.79
2.53,4.67,1.07,2.06,0.1,35.81
1.56,3.66,0.83,1.59,0.09,33.67
3.01,5.58,0.97,1.81,0.12,43.24
16.12,19.53,3.35,4.04,0.23,71.03
34.33,39.0,6.86,3.56,0.32,87.99
18.55,22.66,2.3,2.92,0.22,77.02
20.76,25.66,2.39,2.75,0.21,79.04
20.91,25.75,2.07,2.64,0.2,78.24
18.73,21.82,2.1,3.38,0.18,65.31
16.42,18.96,2.08,3.19,0.16,59.62
16.03,18.47,2.35,3.82,0.15,53.82
10.19,12.33,1.82,2.88,0.11,46.2
4.85,7.04,1.31,2.45,0.1,39.83
5.93,8.19,1.92,3.41,0.14,45.81
16.85,20.54,3.19,3.96,0.22,65.79
8.64,11.01,1.66,2.27,0.18,60.1
5.15,7.64,1.38,2.22,0.16,57.74
3.51,6.55,1.1,1.76,0.15,53.93
4.03,7.9,1.3,2.05,0.15,53.85
5.07,8.78,1.47,2.29,0.17,57.08
4.34,7.7,1.31,2.11,0.16,54.36
5.6,7.94,1.38,2.05,0.19,66.68
4.5,6.83,1.14,1.82,0.19,66.16
3.41,5.53,1.04,1.77,0.18,64.82
3.49,5.18,1.07,1.84,0.18,60.97
4.68,6.33,1.36,2.25,0.18,61.18
4.91,6.69,1.7,2.93,0.16,52.25
3.94,5.77,1.2,2.07,0.16,56.4
3.24,5.11,0.97,1.53,0.18,63.91
3.54,5.41,1.04,1.53,0.18,65.07
4.04,5.93,1.11,1.76,0.18,62.08
2.13,4.17,0.94,1.77,0.12,44.13
2.05,3.44,1.06,1.97,0.09,36.68
6.54,7.89,1.77,2.82,0.09,41.32
9.49,10.95,1.62,2.18,0.09,48.0
5.21,6.54,1.52,2.43,0.08,41.07
5.31,6.57,1.58,2.88,0.09,38.83
3.34,4.68,1.45,2.7,0.09,33.9
3.89,5.23,1.32,2.21,0.08,36.81
4.16,5.45,1.06,1.77,0.07,38.14
5.88,7.56,1.11,1.56,0.1,48.09
5.2,7.45,1.19,1.5,0.15,58.8
4.73,7.67,1.24,1.58,0.18,63.55
12.13,15.87,3.59,2.17,0.2,71.35
34.77,40.31,10.73,3.34,0.29,81.9
42.81,46.94,12.0,3.77,0.32,90.07
40.45,43.7,9.73,3.02,0.28,102.65
33.81,36.42,6.15,2.89,0.24,88.66
32.77,36.58,5.09,2.9,0.23,87.76
32.74,38.2,4.52,3.2,0.23,81.68
37.02,42.32,4.68,3.37,0.24,83.34
31.07,35.37,4.22,4.01,0.23,80.49
18.38,21.49,3.33,3.73,0.22,73.34
8.79,10.99,2.05,3.06,0.21,67.08
9.49,11.49,2.25,3.69,0.21,65.09
11.65,14.68,2.66,2.77,0.19,65.99
3.4,9.69,1.11,1.12,0.17,58.86
2.31,5.07,0.78,1.09,0.18,61.84
3.04,5.45,0.99,1.49,0.18,63.36
3.79,6.24,1.11,1.47,0.18,64.83
4.61,7.12,1.23,1.49,0.18,65.96
5.04,7.32,1.3,1.56,0.18,65.34
5.79,7.87,1.41,1.75,0.17,65.09
5.61,7.44,1.78,2.48,0.16,58.16
7.9,9.72,2.16,3.63,0.16,54.78
9.13,11.76,1.67,1.87,0.2,68.1
2.38,4.6,1.07,1.91,0.15,50.42
1.69,3.58,0.95,1.78,0.13,44.85
1.75,3.33,0.98,1.77,0.12,43.93
1.6,2.86,0.86,1.68,0.13,46.12
1.49,3.12,0.72,1.47,0.15,49.35
1.27,3.27,0.72,1.54,0.14,46.43
2.06,3.56,0.98,1.87,0.15,49.32
3.71,4.99,1.33,2.27,0.16,55.88
5.56,7.0,1.74,2.69,0.17,56.96
7.31,9.04,1.93,2.91,0.17,58.66
9.81,11.8,2.21,2.64,0.17,63.48
8.48,10.55,1.81,2.02,0.16,64.79
2.86,4.96,1.01,1.62,0.14,51.8
2.84,4.48,1.37,2.46,0.12,44.02
5.14,6.51,1.66,2.83,0.13,47.27
8.63,10.24,2.31,3.25,0.15,54.49
7.52,9.08,2.42,3.99,0.13,45.27
10.36,12.14,2.64,4.27,0.14,51.27
9.55,10.93,2.12,2.86,0.15,55.92
4.59,6.13,1.5,2.56,0.13,46.65
1.63,3.97,0.85,1.79,0.09,33.64
5.36,7.03,1.44,2.11,0.16,56.65
4.86,6.5,1.24,1.57,0.15,57.79
3.68,5.21,1.23,1.61,0.15,57.05
3.9,5.65,1.16,1.61,0.15,56.58
3.55,5.07,1.18,1.58,0.15,52.16
4.81,6.14,1.58,2.18,0.15,54.42
7.64,9.08,2.47,3.45,0.17,55.25
10.15,11.91,2.87,4.43,0.17,57.88
10.14,12.04,2.26,4.39,0.12,45.2
13.03,17.11,4.89,3.97,0.14,52.96
8.05,11.57,1.83,1.19,0.17,68.1
3.1,4.94,1.35,2.1,0.16,52.19
4.05,5.64,1.74,2.73,0.15,51.07
5.21,6.79,1.93,3.92,0.12,40.03
4.51,7.99,1.08,2.21,0.11,45.2
0.97,3.92,0.62,1.16,0.13,46.51
1.51,3.9,1.01,1.87,0.12,43.04
3.44,4.94,1.68,2.99,0.13,43.44
7.1,8.75,2.24,4.26,0.13,44.79
9.34,11.24,1.93,3.77,0.09,42.05
13.91,16.37,2.53,3.89,0.1,49.31
22.94,28.35,3.99,1.69,0.18,88.73
5.31,8.43,1.5,1.31,0.16,64.16
3.49,6.18,1.13,1.27,0.14,53.64
2.66,5.25,1.13,1.22,0.12,47.14
3.15,5.82,1.32,1.31,0.12,49.1
5.76,8.36,1.87,1.65,0.14,53.53
14.46,17.61,3.73,2.05,0.18,65.69
10.78,13.53,3.12,1.87,0.16,59.61
14.66,18.86,3.33,2.05,0.19,58.58
9.0,11.65,2.49,1.81,0.16,60.1
5.4,7.44,1.59,1.68,0.15,58.5
4.86,6.46,1.39,1.63,0.15,59.64
9.69,11.48,2.69,3.49,0.18,64.22
7.43,8.95,2.15,3.83,0.15,50.48
10.41,12.31,2.67,4.22,0.16,54.39
13.5,15.71,2.92,1.95,0.18,71.76
9.06,11.17,2.03,1.9,0.17,65.85
4.87,6.68,1.3,1.81,0.16,58.14
3.87,5.74,1.33,2.06,0.16,54.34
5.1,6.96,1.55,2.03,0.16,55.63
6.64,8.77,1.72,1.84,0.17,61.75
6.94,8.85,1.9,1.98,0.17,62.41
10.11,11.83,2.53,2.33,0.2,67.68
8.95,10.67,3.06,3.31,0.17,54.04
11.49,13.34,1.93,3.24,0.14,57.75
6.31,7.93,1.31,1.68,0.1,50.2
13.68,16.18,1.82,3.08,0.13,65.83
13.7,16.27,2.2,2.65,0.13,62.3
7.9,9.41,1.5,1.81,0.1,53.86
7.93,9.05,1.6,2.36,0.09,43.5
8.94,10.54,2.11,3.55,0.09,46.06
24.21,27.93,7.53,3.92,0.17,63.68
22.26,24.54,6.42,3.93,0.15,58.59
10.65,12.98,2.13,2.91,0.1,50.54
16.16,20.89,2.51,2.54,0.14,67.77
11.96,17.37,1.6,1.38,0.16,86.84
6.75,10.11,1.38,1.38,0.13,79.26
4.29,7.98,1.15,1.58,0.1,58.27
15.95,20.56,4.51,3.69,0.17,73.59
35.53,39.55,8.42,2.72,0.28,99.83
36.86,39.72,8.54,2.32,0.28,100.81
33.07,36.09,7.59,3.12,0.25,82.39
38.18,41.68,8.6,3.77,0.26,83.0
14.29,18.15,5.37,3.22,0.17,70.17
28.39,33.82,10.75,3.23,0.29,101.08
28.91,32.04,9.47,2.56,0.26,104.63
31.57,34.54,9.42,2.91,0.28,96.06
7.87,11.53,1.92,1.36,0.14,61.43
6.97,9.6,1.39,1.92,0.12,51.67
18.78,22.68,5.16,2.0,0.19,88.83
33.71,37.7,10.71,2.33,0.28,115.15
43.42,48.64,11.76,2.51,0.32,110.05
40.02,43.98,11.22,3.16,0.32,102.48
31.83,34.93,8.37,3.29,0.29,103.56
31.57,34.58,9.28,2.75,0.3,96.2
27.9,29.77,7.87,2.77,0.26,83.42
31.94,34.73,9.56,3.52,0.27,79.56
33.27,36.57,10.51,3.73,0.28,81.03
23.79,26.86,6.86,3.24,0.21,73.38
31.11,36.18,10.03,13.56,0.42,77.39
35.39,51.95,8.45,14.67,0.59,69.79
9.21,15.03,5.14,5.86,0.43,55.11
11.41,15.78,1.87,2.29,0.48,60.11
11.92,16.64,2.45,5.15,0.44,55.13
11.02,15.27,1.9,8.8,0.48,44.36
19.12,27.9,3.44,6.93,0.43,81.62
27.08,34.2,10.12,7.42,0.55,85.96
47.8,59.53,12.08,20.29,0.66,85.92
62.34,78.86,12.53,17.4,0.86,97.81
67.24,84.78,12.23,14.26,0.97,102.85
70.14,84.2,10.85,17.37,0.98,93.02
91.24,110.38,11.24,20.43,1.14,94.91
101.59,134.46,11.78,22.76,1.15,107.82
68.09,100.47,11.43,15.33,0.94,159.67
62.6,88.96,6.88,15.35,0.99,129.1
28.46,48.21,3.21,16.7,0.9,77.7
11.93,29.6,2.03,7.7,0.63,64.64
12.75,25.56,2.31,8.33,0.45,72.84
16.46,26.89,2.87,8.9,0.47,62.94
27.66,42.54,7.44,17.36,0.58,65.04
47.39,74.31,7.73,27.96,0.83,65.21
49.24,68.97,9.32,17.11,0.74,67.92
35.08,52.45,8.7,17.66,0.8,51.27
16.64,27.54,6.57,5.84,0.64,52.67
20.59,28.92,6.9,4.8,0.6,62.81
15.67,24.98,3.5,5.43,0.59,62.04
14.57,26.2,1.96,6.52,0.6,50.41
19.98,29.63,2.4,10.93,0.76,50.16
2.98,10.12,0.64,0.94,0.32,47.47
1.29,7.83,1.34,4.49,0.44,53.48
12.05,21.5,6.81,10.69,1.01,22.58
18.9,37.33,9.99,16.41,1.06,32.82
15.1,34.97,8.77,14.14,1.06,40.09
22.68,34.21,8.54,9.85,0.89,51.19
26.47,37.25,9.02,9.24,0.93,79.33
40.96,53.11,10.57,11.92,1.01,87.14
37.58,63.23,8.81,10.7,0.98,95.32
33.53,76.67,4.2,6.61,0.83,97.48
27.27,55.4,3.48,10.79,0.91,80.55
23.94,39.58,3.26,5.83,0.88,79.77
16.6,30.65,2.89,5.01,0.84,70.81
12.55,26.69,2.3,4.93,0.83,57.97
15.14,26.48,3.59,9.85,0.86,44.39
25.72,44.41,7.14,10.97,1.09,52.5
25.33,39.82,6.37,8.59,1.16,87.57
16.78,44.02,3.26,9.29,1.0,61.69
16.68,32.12,7.56,9.84,0.8,52.83
22.12,41.96,9.75,9.07,0.33,77.26
18.37,34.66,7.59,8.63,0.31,93.5
31.82,47.32,9.32,14.73,0.42,110.97
33.8,54.14,9.42,16.14,0.48,108.52
36.8,68.7,5.49,31.74,0.69,72.43
32.83,56.12,7.54,18.97,0.56,80.67
44.1,61.4,12.02,9.78,0.5,132.53
57.82,75.95,15.66,14.36,0.57,129.2
68.48,101.95,15.08,26.04,0.81,129.84
64.08,89.79,10.62,22.93,0.73,94.72
43.61,64.04,9.21,23.99,0.71,68.93
80.62,100.0,15.05,20.46,0.91,105.43
75.42,113.31,10.37,26.31,1.18,66.92
32.34,42.46,8.38,7.12,1.09,69.44
22.26,34.64,5.69,6.4,0.79,67.12
20.87,31.93,6.88,9.74,0.89,60.11
10.86,24.52,6.72,11.34,0.9,40.44
11.78,30.61,5.53,10.91,1.16,25.83
10.46,22.87,6.05,12.62,1.13,41.24
23.75,37.05,6.92,14.59,1.04,36.63
30.64,38.24,8.34,12.2,1.0,61.7
33.7,45.01,8.52,17.07,1.0,55.7
41.14,51.99,9.09,13.64,1.02,63.99
58.37,71.45,11.29,15.88,1.15,73.36
59.98,81.4,10.61,20.8,1.05,81.03
68.45,91.13,10.77,16.35,0.52,101.45
59.72,83.45,12.05,16.68,0.51,107.66
60.75,87.53,12.48,19.96,0.68,107.62
70.2,104.66,19.79,15.23,0.69,122.98
109.34,140.3,19.58,18.61,0.96,132.03
98.81,135.91,14.22,19.41,0.96,143.55
69.85,91.11,11.91,17.67,0.72,120.23
74.96,96.78,11.36,23.48,0.85,101.45
79.7,102.48,12.84,26.32,0.85,108.22
68.8,94.34,8.49,37.5,0.9,97.7
52.59,77.37,5.4,26.21,0.77,72.23
58.21,83.22,8.64,19.58,0.76,77.12
91.18,115.04,13.73,16.74,0.88,138.95
67.91,92.83,6.41,16.97,0.8,105.94
42.04,69.48,3.43,13.17,0.64,74.74
26.02,53.04,3.15,15.86,0.57,47.01
47.66,63.1,8.1,9.19,0.81,69.13
32.85,48.83,5.66,6.27,0.7,76.27
16.72,29.95,2.08,5.01,0.51,74.72
21.73,30.19,5.21,6.12,0.46,73.61
59.46,67.02,9.55,12.82,0.84,97.97
51.77,59.84,9.21,13.19,0.89,74.77
44.76,55.48,8.65,13.81,0.79,87.56
28.65,40.76,4.07,11.56,0.48,85.74
28.65,44.08,5.64,12.64,0.46,77.99
73.07,87.44,10.16,12.16,0.67,142.16
47.85,72.75,6.37,8.81,0.52,108.66
47.18,61.19,6.79,10.41,0.61,94.34
84.72,104.65,12.89,13.53,0.86,143.86
66.33,96.69,9.05,13.48,0.78,131.57
37.44,64.47,4.5,9.65,0.64,93.65
15.26,32.43,1.96,9.46,0.63,74.3
10.7,23.41,1.86,10.72,0.69,62.91
12.68,24.47,1.79,9.18,0.63,65.44
23.44,33.95,4.01,5.93,0.61,76.56
23.02,37.02,2.22,5.5,0.7,74.69
29.59,36.8,2.49,8.32,0.77,83.22
34.94,45.53,3.62,6.04,0.74,72.15
41.96,45.98,5.32,8.52,0.72,66.27
25.4,27.57,2.21,6.75,0.76,64.93
17.44,24.55,2.13,10.16,0.92,42.92
17.94,26.37,2.24,10.56,0.96,33.32
17.25,24.17,2.82,6.28,0.86,49.66
22.96,30.48,5.19,4.66,0.83,60.14
14.22,20.39,2.26,4.28,0.84,40.72
9.67,13.46,1.72,6.36,0.86,35.06
16.0,21.26,1.82,8.46,0.67,33.68
19.4,24.51,3.16,11.23,0.49,26.71
19.6,32.43,6.94,10.38,0.77,20.61
14.26,25.57,6.76,8.21,0.82,42.83
15.81,30.24,6.55,11.51,0.85,51.71
18.8,34.18,7.05,11.32,0.83,43.8
26.01,37.41,6.57,10.18,0.95,50.3
35.43,44.93,6.24,11.7,0.9,73.25
17.38,33.13,3.7,13.03,0.87,73.66
21.37,33.13,2.83,19.32,0.94,59.84
18.4,26.4,2.4,15.39,0.84,51.39
16.61,27.62,6.48,11.44,1.02,30.74
20.3,29.44,6.53,9.88,0.93,61.28
15.75,36.81,2.24,7.7,0.62,86.61
17.56,34.92,1.56,8.73,0.76,76.76
12.25,28.45,1.37,7.87,0.74,76.65
14.04,27.46,1.51,7.64,0.55,73.31
12.65,26.12,1.75,11.24,0.41,56.94
14.42,27.21,1.74,12.83,0.43,48.53
15.52,24.27,2.53,8.14,0.38,53.7
14.61,22.25,2.06,10.27,0.4,49.43
11.98,19.78,2.1,17.19,0.51,32.95
12.08,22.54,2.13,15.17,0.52,30.61
10.08,18.61,1.72,11.64,0.51,35.08
12.24,18.37,1.8,7.65,0.49,36.69
19.85,27.86,2.71,9.93,0.47,41.12
22.94,36.35,2.99,6.09,0.61,71.68
23.7,33.35,2.08,7.35,0.67,74.58
22.19,34.44,1.88,9.36,0.72,70.5
25.58,34.86,3.18,7.33,0.71,59.26
21.48,30.57,2.28,11.01,0.71,69.55
18.51,30.9,1.82,9.7,0.67,81.58
22.47,35.41,2.01,13.16,0.69,68.9
21.69,36.26,2.85,20.52,0.6,35.81
23.99,42.98,6.84,6.11,0.53,60.92
21.81,32.99,4.4,7.78,0.67,91.19
25.52,38.41,2.58,8.26,0.6,84.34
23.66,36.77,2.38,9.41,0.52,53.03
22.3,31.52,2.38,10.06,0.44,24.59
21.9,31.29,2.42,12.77,0.53,38.5
21.31,32.46,2.19,15.73,0.63,51.87
19.79,29.7,5.98,8.36,0.6,56.69
17.81,27.65,3.36,6.48,0.55,89.71
13.4,23.62,1.85,5.45,0.5,90.76
14.44,29.47,1.65,5.81,0.52,84.42
14.84,33.93,1.63,9.32,0.54,64.94
15.86,31.49,1.76,10.83,0.58,48.26
11.26,20.99,1.66,10.67,0.48,27.3
7.82,13.78,1.48,7.66,0.41,25.26
7.12,12.37,1.45,9.53,0.42,28.49
4.95,8.66,1.11,5.7,0.38,30.63
8.2,12.03,1.13,7.93,0.46,31.52
11.94,17.64,1.9,5.88,0.39,46.78
6.54,12.24,1.2,6.04,0.38,41.94
7.13,8.69,1.42,8.99,0.46,32.02
16.78,21.47,2.14,9.25,0.67,72.74
20.0,31.54,2.45,6.54,0.51,83.16
18.18,25.4,1.83,9.35,0.58,72.97
18.32,25.99,1.9,9.58,0.55,55.69
19.46,25.51,2.02,10.76,0.57,39.82
15.64,21.66,2.04,9.19,0.46,31.47
15.84,20.37,1.74,5.71,0.43,35.16
17.03,25.73,1.61,4.59,0.44,51.67
17.84,23.66,1.86,9.09,0.49,39.49
17.85,22.93,1.93,8.18,0.51,35.5
18.29,24.84,1.8,10.13,0.49,32.63
19.73,27.29,1.87,6.35,0.46,49.56
19.19,28.49,1.69,6.97,0.51,63.83
18.6,29.18,1.69,9.06,0.57,56.69
17.35,25.39,1.63,7.62,0.55,43.73
15.22,23.92,1.59,14.49,0.58,22.06
14.13,19.78,1.96,9.31,0.59,22.03
14.48,18.16,1.58,5.37,0.48,21.67
16.85,19.9,1.78,7.11,0.55,17.6
14.39,16.25,1.81,4.97,0.49,20.59
12.4,16.23,1.46,6.37,0.49,24.75
15.54,17.27,1.38,7.9,0.52,35.11
16.24,16.29,1.39,7.76,0.53,36.2
15.11,18.53,1.71,4.54,0.43,36.19
28.0,37.17,5.65,6.15,0.51,73.1
39.93,53.25,7.07,6.02,0.68,103.26
33.86,46.52,5.06,7.02,0.6,81.19
22.0,37.15,4.37,7.74,0.52,56.95
12.17,25.33,3.22,7.45,0.45,52.76
10.02,25.61,3.47,7.54,0.48,54.34
34.49,24.43,2.08,8.62,0.55,35.41
22.82,32.78,4.39,10.27,0.54,34.46
15.65,31.82,5.32,12.66,0.54,41.33
16.9,26.56,2.31,13.81,0.48,33.43
16.51,22.94,2.08,13.59,0.46,28.03
13.01,12.78,1.15,7.88,0.44,44.75
11.87,21.9,1.06,12.16,0.55,52.16
11.26,15.01,1.31,9.45,0.41,58.22
14.38,17.39,1.54,9.82,0.4,52.62
13.71,16.26,1.55,8.61,0.44,52.25
14.27,17.01,1.19,8.23,0.45,61.89
16.71,18.92,1.35,8.24,0.49,59.19
15.9,20.54,1.31,7.26,0.51,51.97
8.38,9.42,1.02,3.52,0.47,43.42
5.35,10.77,0.96,3.31,0.5,40.22
6.3,10.39,0.99,4.04,0.51,46.69
5.14,9.13,1.1,4.31,0.39,50.9
6.24,11.36,1.07,4.33,0.41,48.14
8.7,15.8,1.04,4.79,0.44,55.94
8.73,12.83,1.07,5.23,0.42,49.26
8.01,8.92,0.99,3.45,0.45,42.3
5.79,6.56,0.98,3.92,0.47,32.99
7.36,10.07,1.28,8.76,0.5,25.32
8.66,10.49,1.58,11.33,0.38,25.15
10.74,13.28,1.47,14.78,0.46,29.63
8.01,9.03,1.34,9.15,0.49,47.89
11.79,12.94,1.13,10.98,0.57,51.53
9.82,10.63,1.22,9.37,0.55,46.19
7.95,7.13,1.16,7.24,0.51,34.53
10.79,7.91,1.35,6.91,0.5,35.83
8.72,9.73,1.39,6.06,0.46,53.81
5.86,11.36,1.25,6.6,0.46,51.0
6.43,11.35,1.26,7.16,0.42,60.7
8.14,12.36,1.43,12.57,0.47,63.25
9.91,20.78,1.57,16.47,0.46,52.8
7.51,10.89,1.57,8.67,0.39,66.97
10.08,13.99,1.82,9.61,0.42,65.58
9.0,16.51,1.91,14.49,0.41,47.85
11.34,18.48,3.0,13.27,0.45,48.88
14.55,22.94,2.98,14.44,0.49,49.09
18.88,27.94,4.32,18.66,0.56,48.7
18.82,32.28,3.81,21.23,0.58,44.53
7.67,13.4,2.43,14.67,0.51,39.15
7.54,13.36,1.94,17.01,0.42,42.86
7.2,12.63,1.73,17.5,0.38,41.49
5.72,22.22,1.35,21.94,0.45,39.38
5.23,12.07,1.22,13.61,0.37,48.79
7.59,15.94,1.38,11.15,0.4,47.34
8.49,21.86,1.74,11.62,0.38,47.88
10.14,24.33,2.3,9.49,0.39,45.34
6.81,12.38,2.02,11.29,0.41,40.86
6.04,11.59,1.61,13.36,0.35,38.6
8.31,16.76,1.11,14.67,0.39,43.33
9.18,22.0,1.25,18.78,0.39,36.15
8.73,18.98,1.65,14.18,0.39,35.54
10.33,20.31,2.28,18.94,0.42,40.05
11.43,19.63,2.93,16.37,0.46,30.64
10.54,14.36,2.8,15.25,0.45,32.45
5.75,12.33,1.33,14.73,0.47,41.39
10.71,25.21,1.58,20.54,0.54,35.34
8.14,15.81,1.78,10.62,0.46,40.14
9.28,14.17,1.67,10.66,0.46,49.2
8.18,12.62,1.53,7.04,0.45,48.13
9.43,13.0,2.01,8.99,0.47,57.42
14.12,24.77,2.65,21.5,0.52,41.1
12.03,25.79,2.34,20.09,0.43,40.97
9.18,18.44,1.63,21.27,0.42,39.17
6.86,13.47,1.56,14.19,0.4,43.56
9.79,19.82,1.79,22.97,0.48,31.32
8.02,16.42,1.73,14.42,0.45,34.22
6.69,13.06,1.47,9.09,0.5,34.74
3.75,9.71,1.21,8.52,0.56,28.84
3.61,8.57,1.22,6.17,0.43,30.45
7.78,13.09,2.3,11.07,0.42,33.49
10.02,17.05,2.06,12.38,0.42,35.25
12.41,22.97,3.49,8.85,0.34,39.08
4.33,15.05,1.22,9.18,0.42,41.33
3.99,12.02,1.26,13.26,0.51,30.28
9.02,19.22,1.74,14.05,0.48,29.81
12.26,17.63,2.31,13.76,0.4,33.67
13.03,23.37,2.75,19.57,0.39,27.31
11.52,16.2,2.67,11.57,0.34,39.31
9.99,19.67,2.36,18.34,0.39,43.25
11.44,32.85,2.14,25.91,0.5,28.56
10.58,18.42,2.75,15.22,0.39,37.68
10.79,17.78,2.75,17.7,0.41,35.01
10.44,15.78,2.69,14.53,0.38,30.7
8.35,12.36,2.27,11.88,0.38,24.03
8.67,14.76,2.19,10.79,0.38,25.57
11.63,18.68,2.57,14.81,0.41,31.81
8.15,15.44,2.01,10.71,0.4,40.25
6.29,13.71,1.71,13.88,0.41,42.57
5.32,14.6,1.81,14.48,0.42,35.28
5.04,16.5,1.52,17.15,0.41,32.52
4.3,9.4,1.31,16.76,0.41,30.8
4.6,16.19,1.14,17.03,0.48,24.32
3.49,9.57,1.14,15.34,0.42,31.93
3.56,12.26,1.14,13.01,0.38,37.24
3.9,11.7,1.27,10.0,0.38,44.58
5.34,18.57,1.47,17.73,0.41,46.63
5.29,17.5,1.4,15.32,0.4,49.34
9.82,22.79,2.68,19.38,0.42,45.42
12.43,27.91,3.76,22.64,0.46,43.14
11.63,24.98,3.66,19.32,0.45,38.03
8.27,21.89,1.64,15.08,0.45,36.93
9.25,22.6,1.76,14.59,0.46,41.03
7.76,16.56,1.63,8.02,0.47,56.03
8.42,15.71,1.58,7.2,0.41,56.68
5.84,11.5,1.4,8.21,0.4,50.81
12.84,19.87,2.71,13.99,0.45,43.88
11.64,24.65,2.37,17.97,0.57,35.67
7.8,17.19,2.19,11.95,0.56,36.94
6.12,15.33,1.5,14.99,0.59,29.66
6.57,13.47,2.27,12.02,0.55,27.51
6.02,10.14,1.76,12.07,0.49,22.09
5.93,12.19,1.84,14.18,0.52,20.0
7.09,19.12,2.14,14.61,0.53,21.2
3.31,6.55,1.55,8.99,0.5,37.0
5.67,9.1,1.72,12.26,0.46,27.02
6.77,11.58,1.9,14.62,0.47,23.49
5.89,13.44,2.29,15.34,0.54,26.83
3.9,7.72,1.82,8.63,0.51,36.33
4.81,9.17,2.07,14.83,0.48,32.39
7.56,19.98,2.38,14.8,0.5,27.48
9.52,18.88,2.69,16.37,0.54,25.67
16.91,27.15,4.51,18.19,0.46,39.29
19.52,39.03,6.97,18.62,0.52,24.53
20.25,37.77,7.08,15.15,0.51,47.93
18.27,30.01,4.07,15.93,0.54,31.82
16.04,26.21,3.06,19.11,0.48,30.32
15.57,23.26,3.27,23.34,0.53,21.3
17.73,26.76,3.89,18.72,0.49,28.64
14.86,24.92,3.29,18.54,0.41,35.7
17.58,27.46,4.49,19.78,0.46,33.78
16.52,29.63,5.21,16.14,0.48,29.14
27.39,34.37,7.97,6.2,0.38,58.57
7.54,16.07,1.09,5.53,0.42,39.89
6.3,20.45,1.53,8.43,0.54,35.33
9.86,16.34,2.81,11.41,0.49,28.4
13.26,23.96,2.27,17.0,0.48,29.84
19.31,38.27,7.76,18.23,0.51,34.23
16.26,39.73,7.27,17.72,0.59,41.36
30.9,41.74,6.1,11.46,0.6,82.17
36.29,46.55,6.63,14.58,0.57,98.23
38.21,53.18,7.21,19.46,0.62,86.04
39.85,55.57,6.92,17.69,0.6,81.4
22.69,41.93,5.71,8.88,0.5,40.91
11.8,27.06,3.36,6.33,0.41,22.89
13.11,20.61,2.23,6.51,0.43,21.34
14.26,19.22,2.36,9.33,0.39,23.19
19.64,35.01,6.51,9.97,0.39,38.26
27.81,48.83,7.61,11.58,0.46,44.8
25.54,49.74,8.25,12.96,0.47,55.96
27.5,49.54,7.23,12.02,0.53,68.01
28.38,40.8,6.16,11.2,0.63,64.47
29.29,47.11,8.29,7.29,0.51,121.22
35.47,61.59,8.19,6.36,0.5,120.11
44.98,72.81,9.14,9.84,0.56,121.91
51.52,80.45,8.07,13.51,0.63,117.69
59.97,90.14,6.27,15.1,0.72,117.04
38.67,66.46,5.17,17.53,0.59,103.94
39.8,64.36,6.53,12.94,0.59,111.91
46.09,67.74,7.88,13.06,0.61,107.03
48.33,76.53,8.65,12.96,0.52,124.89
43.14,70.85,5.78,10.79,0.52,101.84
43.64,65.35,4.44,5.48,0.49,118.89
20.86,43.35,2.53,3.77,0.41,101.33
29.92,36.22,2.65,4.69,0.38,91.37
14.73,29.7,1.84,4.78,0.38,69.54
9.32,18.31,1.58,6.08,0.37,40.47
8.79,15.39,1.79,12.67,0.43,28.76
17.1,30.7,4.78,9.98,0.45,44.87
33.6,51.74,7.28,10.51,0.49,82.98
10.44,16.42,3.42,4.51,0.36,60.76
7.72,11.98,1.91,6.39,0.38,53.24
7.2,10.18,1.73,5.67,0.39,43.64
8.28,11.91,1.89,6.12,0.37,49.45
10.78,18.98,1.98,4.38,0.32,51.75
8.67,14.03,1.64,13.49,0.43,29.51
12.36,22.75,1.99,7.07,0.41,35.1
11.15,22.28,1.85,6.05,0.42,41.71
8.52,22.01,1.86,7.29,0.43,45.52
23.5,36.51,5.81,7.67,0.43,62.97
35.47,47.23,6.08,9.0,0.71,71.79
32.92,44.43,6.56,14.83,0.78,73.18
18.61,29.82,3.68,12.19,0.67,67.2
11.72,20.63,2.58,7.18,0.54,71.68
12.47,19.24,2.78,11.13,0.52,54.65
10.85,23.24,3.29,7.93,0.46,55.98
14.29,30.05,6.47,7.29,0.45,62.0
15.34,22.54,3.25,9.32,0.45,68.31
13.11,20.01,2.78,6.81,0.43,67.69
15.53,32.2,6.38,7.36,0.44,63.43
17.78,34.57,5.58,9.27,0.64,64.28
30.65,47.47,6.55,13.29,0.69,74.41
22.83,35.09,4.93,8.75,0.62,79.7
18.81,32.03,7.18,6.1,0.41,81.08
37.02,53.01,7.84,8.64,0.54,99.02
40.37,54.2,6.83,9.73,0.55,90.55
33.38,51.93,6.4,10.95,0.52,94.71
29.44,45.85,6.59,9.15,0.48,96.35
17.89,28.72,3.75,13.43,0.45,76.45
12.89,24.49,2.42,12.34,0.47,58.44
12.21,21.46,2.54,12.07,0.42,53.33
8.0,18.86,1.83,7.15,0.37,54.87
8.04,18.75,1.78,10.27,0.36,47.33
13.87,24.39,5.82,8.22,0.33,49.73
14.76,25.29,3.23,7.11,0.33,51.43
13.29,21.05,2.12,7.65,0.32,44.95
10.21,20.02,2.15,9.38,0.36,39.36
8.7,17.04,2.23,8.78,0.34,34.8
11.49,25.74,4.97,9.88,0.58,44.59
9.8,25.05,7.07,8.33,0.89,55.47
11.75,22.96,4.67,7.88,0.53,58.45
8.82,21.41,6.01,7.78,0.6,46.27
10.47,23.58,6.89,11.33,0.6,53.94
12.81,22.33,6.3,8.25,0.54,63.92
19.21,29.65,5.93,10.08,0.55,58.2
17.92,29.52,7.04,11.41,0.57,54.35
27.26,38.83,7.11,8.61,0.49,72.49
30.85,39.68,7.29,13.08,0.55,71.58
44.1,54.55,8.37,12.59,0.67,74.15
35.58,48.1,7.1,8.71,0.63,67.59
33.9,52.02,8.9,9.86,0.66,65.95
40.81,52.99,8.44,9.62,0.59,82.61
24.14,39.07,5.72,12.48,0.52,69.53
43.67,56.47,7.66,10.72,0.6,72.41
49.53,82.09,11.94,12.67,0.7,90.34
26.77,49.63,9.32,13.79,0.52,87.73
22.11,34.8,7.6,30.52,0.68,38.73
22.3,30.04,7.13,13.3,0.57,69.53
30.48,39.92,6.8,13.07,0.57,74.47
46.06,58.94,12.28,11.32,0.59,103.79
37.62,56.71,8.4,27.85,0.71,64.9
20.13,32.88,8.15,19.43,0.66,54.22
13.82,24.21,6.24,7.76,0.51,65.63
16.89,29.81,3.69,5.96,0.48,67.75
11.78,25.05,3.68,5.2,0.47,67.99
15.31,29.3,6.69,8.56,0.72,59.78
31.77,43.3,5.38,11.32,0.76,70.58
33.68,46.81,6.18,12.54,0.49,78.5
26.92,37.06,6.8,18.07,0.41,81.99
36.05,49.19,9.74,14.47,0.43,96.61
35.49,50.79,5.19,9.97,0.45,89.65
18.59,38.28,2.74,9.21,0.35,75.56
15.92,30.61,2.16,16.74,0.39,58.5
12.45,26.78,1.89,25.67,0.49,34.14
10.14,27.24,1.91,27.78,0.57,24.25
22.4,37.34,4.95,16.27,0.49,50.3
40.72,55.25,7.75,11.59,0.9,71.84
25.41,33.37,6.44,7.55,0.72,81.56
31.3,40.17,6.93,7.72,0.56,97.82
26.41,36.73,7.34,6.6,0.43,85.89
23.29,38.57,7.28,16.93,0.61,57.17
14.41,30.64,6.45,19.46,0.6,52.68
21.3,32.07,6.29,14.24,0.49,69.19
29.7,39.75,6.26,20.91,0.52,76.05
28.8,42.26,6.19,27.69,0.51,79.16
35.9,50.01,7.3,21.55,0.52,89.77
40.88,53.38,6.02,15.71,0.51,88.71
65.38,79.55,10.75,16.23,0.66,130.87
57.9,81.37,6.57,37.15,0.72,88.73
47.04,68.4,4.52,29.53,0.72,79.42
61.16,75.97,8.25,24.88,0.75,95.18
58.29,82.44,5.96,19.73,0.77,123.74
21.28,43.07,2.15,31.87,0.58,71.93
23.64,43.25,2.71,26.81,0.6,59.41
22.56,38.17,2.29,26.91,0.53,45.42
19.0,32.0,1.94,21.32,0.44,48.47
20.78,28.43,2.25,11.41,0.39,69.27
22.24,34.8,1.94,11.49,0.44,69.74
17.8,30.75,4.42,8.55,0.41,72.69
33.28,45.99,7.09,7.45,0.48,90.55
28.68,42.46,5.75,5.69,0.49,75.67
17.66,30.19,4.13,5.68,0.48,77.89
15.15,26.66,2.87,8.26,0.4,74.5
21.56,33.87,5.94,6.45,0.39,78.69
48.2,62.88,6.81,11.34,0.73,86.55
32.81,44.71,6.82,12.34,0.89,76.74
39.47,54.18,6.69,15.41,0.73,75.83
51.67,65.27,7.38,10.86,0.81,82.9
48.2,59.43,7.12,8.32,0.7,104.98
39.03,52.07,5.13,6.81,0.55,99.46
33.44,45.03,3.65,9.31,0.57,93.98
35.32,44.5,4.83,10.26,0.58,80.85
48.53,58.11,6.35,8.56,0.65,101.25
35.43,44.68,3.53,8.3,0.67,104.15
24.48,31.75,2.28,9.36,0.59,71.16
22.29,29.48,1.96,13.77,0.63,45.6
20.33,25.57,2.65,8.28,0.51,53.12
29.46,40.77,4.09,4.59,0.46,56.01
42.65,55.62,2.65,3.25,0.55,76.93
31.02,47.5,2.1,5.49,0.58,70.17
21.41,28.3,2.26,7.42,0.56,46.41
17.98,23.64,2.04,14.2,0.62,29.23
14.6,18.73,1.87,13.29,0.65,25.49
13.55,18.2,2.04,6.71,0.58,36.66
16.27,20.87,2.0,6.43,0.45,53.06
11.44,15.69,1.73,4.82,0.4,42.53
11.06,15.06,1.75,6.03,0.41,40.67
11.17,15.24,1.93,4.73,0.42,45.3
18.22,25.58,3.85,5.09,0.41,47.83
21.07,29.38,3.69,4.85,0.44,63.12
13.49,20.77,1.87,9.13,0.47,43.21
16.1,24.58,2.64,6.34,0.41,46.1
12.91,19.46,1.74,10.02,0.51,39.34
9.93,15.35,1.72,5.34,0.45,40.56
13.5,17.66,1.87,4.52,0.42,48.64
17.31,22.52,1.94,4.99,0.44,54.9
17.06,22.48,2.07,6.17,0.44,49.63
19.17,26.77,2.16,5.24,0.42,51.34
18.99,31.32,2.26,5.17,0.51,80.4
17.24,27.42,2.07,7.85,0.57,72.51
19.79,31.79,1.97,8.04,0.67,72.38
17.7,26.27,1.99,5.63,0.65,57.88
15.87,22.69,2.16,6.31,0.67,58.12
13.49,19.33,2.07,8.05,0.61,56.03
12.79,22.91,1.54,5.75,0.55,50.18
18.51,28.81,1.24,9.65,0.55,52.96
17.42,26.99,1.48,12.24,0.54,49.2
11.85,24.66,1.59,12.21,0.55,49.94
13.55,20.82,1.75,9.23,0.41,55.03
28.62,37.61,3.01,9.98,0.42,61.68
33.09,44.64,3.16,5.6,0.51,88.52
28.61,43.67,2.17,4.02,0.49,90.09
17.95,28.27,2.31,3.16,0.4,92.07
10.98,21.24,1.5,2.81,0.36,85.76
12.97,22.0,1.61,4.21,0.41,78.1
16.15,23.15,1.85,3.54,0.42,72.05
15.75,22.6,1.69,4.11,0.46,59.67
14.87,21.81,1.83,8.23,0.54,40.73
10.73,17.3,1.53,10.83,0.52,43.53
9.55,16.08,1.6,10.52,0.52,38.29
7.74,13.46,1.36,8.07,0.53,39.06
8.84,14.26,1.13,4.97,0.52,40.6
6.47,14.58,1.05,3.5,0.47,36.28
5.4,9.79,1.34,3.8,0.49,36.65
6.76,11.8,1.57,7.49,0.55,38.59
8.6,16.85,1.67,10.87,0.43,39.09
20.74,32.28,6.02,6.91,0.52,59.27
10.89,20.06,4.06,12.05,0.58,69.75
12.7,21.66,3.0,12.89,0.59,60.88
14.6,26.15,6.13,10.76,0.68,68.13
13.36,27.97,7.01,7.41,0.64,72.76
35.37,46.9,8.42,8.07,0.6,105.37
37.86,71.53,6.72,14.67,0.6,95.3
26.57,58.5,2.92,11.06,0.46,84.93
17.95,32.06,2.98,19.78,0.52,86.25
18.33,35.6,2.26,12.52,0.57,56.52
13.9,22.59,1.53,4.6,0.55,54.46
13.68,17.85,1.65,5.92,0.59,44.65
16.53,23.85,1.94,10.48,0.6,51.32
30.75,42.31,4.75,7.77,0.73,79.36
23.44,38.54,5.77,13.07,0.72,70.98
17.4,27.25,2.72,12.78,0.61,60.61
14.5,20.75,1.65,5.8,0.57,64.56
16.49,22.76,1.89,3.73,0.56,69.17
24.08,31.48,2.99,5.55,0.68,79.17
19.78,27.52,1.96,10.52,0.62,61.33
15.29,22.52,2.15,8.05,0.47,46.92
11.97,20.98,2.26,13.65,0.55,31.76
6.65,12.49,1.68,7.0,0.46,38.18
4.97,9.4,1.39,5.3,0.47,37.66
9.43,11.32,1.43,5.19,0.51,44.99
9.83,12.16,1.57,4.7,0.53,51.52
9.19,13.75,1.58,4.86,0.49,51.75
9.09,13.89,1.6,5.0,0.51,52.58
14.68,19.54,1.39,4.5,0.56,56.22
11.49,14.69,1.37,4.36,0.54,53.15
10.45,13.35,1.25,3.99,0.52,44.51
8.39,12.24,1.5,4.42,0.53,47.72
11.15,14.2,1.45,10.43,0.59,62.98
6.8,10.41,1.11,4.68,0.49,44.33
10.11,18.59,1.56,11.44,0.56,34.49
3.49,9.38,1.2,8.87,0.54,30.13
3.71,8.19,1.02,3.8,0.51,35.43
4.53,8.66,1.06,3.48,0.6,41.05
4.83,9.36,1.09,3.2,0.59,39.38
5.48,11.32,1.14,4.1,0.68,40.55
9.97,15.68,1.22,6.34,0.68,50.68
12.96,18.53,1.45,5.7,0.63,66.47
12.84,20.14,1.51,16.54,0.67,60.99
9.26,17.55,1.68,18.34,0.65,66.25
8.11,13.43,1.48,10.31,0.58,67.04
8.19,15.56,1.56,10.26,0.58,67.81
9.36,15.74,1.69,17.94,0.59,62.4
12.67,29.68,1.65,13.5,0.62,61.57
12.6,22.97,1.46,8.13,0.56,67.46
8.87,17.4,1.44,6.74,0.51,67.29
8.52,18.67,1.3,11.52,0.53,70.31
12.01,25.06,1.37,9.18,0.51,67.07
12.96,18.28,1.31,8.81,0.55,60.2
8.49,25.81,1.42,4.26,0.52,67.63
7.19,26.48,1.41,4.94,0.54,62.74
7.68,20.02,1.16,3.08,0.42,50.92
6.01,15.39,1.28,4.0,0.39,39.39
6.46,13.9,1.26,8.45,0.43,37.28
4.87,13.55,1.36,10.34,0.46,30.19
3.89,10.01,1.33,4.64,0.44,42.36
3.95,8.01,1.19,3.51,0.43,35.75
4.59,7.99,1.33,3.25,0.42,37.34
6.43,10.13,1.49,3.5,0.37,51.43
9.4,14.28,1.5,4.25,0.43,59.45
5.54,15.53,1.3,3.21,0.47,46.21
3.52,9.39,1.28,2.85,0.46,36.86
3.39,7.29,1.35,4.58,0.47,31.94
3.72,9.25,1.26,6.9,0.48,29.76
3.89,7.51,1.48,7.21,0.44,27.71
3.15,6.59,1.6,11.37,0.47,25.81
4.67,7.74,1.81,11.95,0.47,27.47
5.23,10.44,1.94,11.1,0.47,31.9
8.69,13.07,2.78,12.57,0.45,30.91
8.57,11.66,1.93,10.31,0.41,33.91
7.05,12.29,1.61,13.89,0.5,23.58
6.43,12.57,2.19,8.81,0.41,37.19
7.84,23.19,2.16,1.89,0.32,50.58
3.25,11.64,1.46,13.78,0.51,30.69
5.35,14.76,1.66,15.26,0.51,37.41
7.47,14.14,2.02,15.7,0.46,43.27
7.98,12.96,2.31,12.45,0.46,50.85
8.57,19.07,2.28,17.6,0.45,42.66
9.84,19.11,2.01,24.22,0.42,44.08
11.13,20.15,2.05,20.83,0.43,54.43
10.76,20.12,2.1,19.99,0.41,54.34
11.51,19.44,2.47,19.54,0.46,60.59
17.73,35.59,2.91,25.24,0.54,59.3
15.53,32.55,2.93,23.6,0.51,58.35
20.9,33.67,4.21,18.84,0.56,64.05
22.35,44.68,8.53,14.18,0.54,63.43
25.4,45.1,8.77,11.33,0.53,80.35
31.72,49.86,7.18,12.31,0.57,90.55
35.85,44.03,7.79,13.03,0.53,98.93
31.53,38.5,7.73,16.46,0.66,67.27
17.36,31.27,8.25,13.32,0.64,53.65
13.99,31.19,6.7,9.1,0.6,66.53
24.7,39.08,6.17,19.24,0.61,51.84
16.93,24.28,3.4,13.94,0.51,58.38
8.35,12.65,1.92,9.8,0.46,54.22
5.98,12.52,1.73,9.88,0.47,48.81
5.94,10.71,1.92,9.23,0.42,47.42
5.14,9.29,1.93,9.77,0.46,39.84
5.8,10.28,2.1,6.16,0.42,41.3
3.21,8.74,1.53,4.26,0.4,35.87
6.03,11.85,1.69,16.68,0.59,31.66
7.62,15.88,1.56,15.45,0.47,34.29
7.93,16.74,1.87,16.89,0.45,41.24
5.71,11.11,1.78,5.74,0.3,53.23
5.42,11.65,1.74,8.87,0.32,46.82
4.88,10.77,1.53,12.78,0.36,38.79
4.2,11.83,1.49,13.55,0.39,33.44
3.55,9.19,1.34,13.39,0.38,31.46
3.95,8.96,1.33,14.15,0.44,30.4
4.25,9.78,1.53,15.21,0.46,25.24
3.84,9.71,1.42,15.3,0.48,22.85
4.99,9.08,1.81,11.82,0.49,24.32
7.87,10.64,2.2,11.8,0.59,23.78
8.47,13.32,2.5,9.42,0.5,22.35
8.4,16.65,2.2,11.61,0.48,21.72
7.9,13.89,2.48,8.69,0.39,26.26
9.35,13.32,2.78,7.75,0.29,25.98
12.49,17.48,2.61,8.49,0.35,25.76
17.75,25.51,3.19,12.16,0.45,39.33
17.54,29.54,4.58,6.88,0.33,51.16
18.25,32.33,4.88,9.09,0.41,54.12
18.37,30.59,3.45,8.56,0.45,39.21
17.97,28.35,2.9,11.17,0.51,33.58
13.82,21.06,2.49,19.79,0.59,36.83
9.45,19.38,1.67,18.33,0.58,33.8
6.45,10.85,1.49,7.78,0.49,48.59
5.62,10.14,1.49,5.11,0.47,55.68
6.91,10.61,1.6,5.16,0.46,54.49
7.28,11.9,1.76,4.0,0.52,53.4
7.82,12.24,1.82,4.55,0.65,53.38
11.03,15.22,2.3,8.85,0.7,44.85
17.83,26.6,3.9,10.77,0.79,50.18
24.68,42.46,8.1,6.12,0.77,74.28
24.4,45.47,8.47,9.73,0.81,75.85
24.6,44.44,7.68,11.27,0.63,69.08
20.31,40.89,6.57,14.9,0.44,60.13
18.23,32.83,5.32,10.42,0.43,59.33
11.6,22.25,3.71,10.82,0.41,55.36
7.22,10.52,2.19,13.6,0.45,38.66
6.68,12.95,1.93,20.75,0.54,32.22
10.82,22.99,3.32,17.34,0.41,31.79
17.23,33.15,7.08,18.84,0.5,31.6
21.88,34.82,5.49,24.28,0.64,31.66
12.77,20.29,4.5,14.33,0.53,30.61
11.65,17.02,2.62,15.95,0.64,24.19
8.67,19.65,1.97,9.98,0.76,34.45
12.62,19.73,2.02,10.81,0.71,32.2
9.91,16.19,2.07,12.74,0.6,39.09
9.36,19.33,2.76,19.92,0.53,40.58
13.15,17.94,3.86,10.6,0.52,39.19
11.33,14.56,2.85,5.32,0.71,41.94
17.26,24.02,2.79,4.2,0.77,74.23
18.47,24.92,2.66,12.69,0.84,77.95
20.35,28.26,3.24,16.94,0.85,75.14
20.83,29.02,6.97,10.17,0.77,73.67
12.03,20.66,5.56,3.0,0.56,80.08
4.73,7.67,1.83,2.41,0.51,60.8
3.96,5.07,1.61,3.55,0.66,44.13
5.47,7.64,1.75,2.32,0.69,42.96
7.39,10.79,2.16,10.72,0.83,35.22
11.1,15.06,2.4,12.01,0.79,32.45
14.22,20.32,3.68,11.93,0.82,27.46
13.86,19.68,2.56,18.54,0.77,30.89
18.74,23.17,2.64,14.68,0.61,37.2
17.77,21.86,2.6,14.56,0.57,28.58
15.39,19.83,2.95,15.12,0.63,32.33
13.47,20.24,2.78,20.88,0.77,34.28
12.23,19.17,3.43,17.77,0.65,33.58
13.14,18.08,3.29,9.75,0.7,37.3
23.3,34.96,7.67,10.91,0.81,49.45
21.75,40.24,7.95,12.55,0.74,56.87
24.96,42.55,7.38,19.07,0.7,60.86
24.55,41.93,6.14,22.88,0.71,39.69
15.51,32.02,7.0,14.99,0.61,34.85
18.62,31.53,6.84,20.61,0.75,28.47
23.76,35.92,6.86,15.0,0.69,56.49
18.25,27.64,6.05,15.98,0.71,59.29
9.89,21.01,5.43,11.08,0.61,37.68
11.76,13.99,2.91,14.96,0.83,34.21
18.26,25.93,4.84,13.53,0.88,32.26
13.5,29.5,7.79,9.66,0.62,24.2
13.97,28.12,6.77,15.41,0.63,21.83
10.89,25.36,8.06,13.25,0.61,46.35
9.99,23.69,8.65,14.49,0.6,56.05
14.06,20.61,5.52,14.9,0.64,79.88
22.2,28.63,5.09,6.56,0.65,96.41
42.89,57.51,6.76,17.89,0.8,119.04
54.47,70.14,10.73,25.1,0.86,115.53
54.13,70.73,10.12,20.01,0.77,114.45
44.9,59.37,8.58,27.44,0.63,99.19
46.23,63.03,8.32,25.18,0.7,95.41
50.01,66.74,8.0,21.72,0.72,100.52
52.46,67.5,8.57,20.23,0.75,94.77
44.28,57.84,7.75,23.19,0.67,112.41
28.72,40.49,7.74,22.6,0.59,84.6
30.62,38.2,8.18,16.7,0.53,89.03
22.72,29.57,4.68,16.31,0.55,72.23
11.62,16.54,2.31,12.28,0.55,46.75
11.73,16.98,2.12,11.88,0.5,37.19
13.49,20.18,2.25,9.42,0.48,40.51
17.24,23.25,2.31,4.63,0.47,58.17
15.55,23.11,2.11,5.54,0.5,56.2
16.77,24.85,2.45,3.31,0.46,65.24
20.77,32.62,7.2,4.53,0.53,80.34
24.63,31.58,8.36,5.48,0.64,79.01
19.43,30.97,6.54,10.49,0.56,78.2
19.53,31.06,3.56,4.46,0.5,74.34
9.24,15.82,2.11,4.48,0.45,44.88
8.0,14.18,1.84,3.42,0.53,32.36
6.86,12.17,2.04,7.26,0.58,26.22
6.08,11.08,2.22,6.89,0.5,30.73
6.38,11.71,2.25,5.97,0.52,32.4
13.13,22.89,4.16,4.17,0.38,44.91
15.0,30.05,3.18,3.82,0.44,42.6
12.12,20.61,2.4,6.17,0.52,42.72
10.24,17.85,2.76,9.64,0.49,36.57
8.37,14.18,2.74,11.12,0.57,36.25
6.01,11.09,2.34,4.92,0.59,41.9
6.22,10.5,2.67,7.51,0.59,39.31
8.31,16.67,3.44,12.51,0.58,30.93
7.36,13.6,3.05,8.78,0.54,32.44
4.97,8.53,1.97,4.58,0.43,39.66
7.19,15.26,2.23,4.7,0.42,40.68
12.69,19.6,2.54,4.6,0.41,53.4
10.09,19.16,3.14,4.47,0.38,51.24
15.57,23.02,3.45,3.96,0.39,71.12
16.93,24.18,4.7,5.21,0.4,74.92
20.18,35.47,6.29,8.44,0.46,76.71
35.22,44.4,7.1,7.57,0.66,91.36
14.78,28.28,5.04,4.41,0.52,85.69
11.51,20.15,2.44,3.51,0.46,78.32
13.69,25.0,2.34,5.43,0.52,75.71
22.62,29.04,6.75,6.28,0.54,85.21
19.97,27.81,4.33,7.05,0.53,85.04
14.63,22.75,2.96,9.62,0.55,59.11
18.25,31.35,6.4,10.74,0.61,54.75
22.53,34.84,5.45,8.4,0.62,73.56
17.4,28.97,4.07,11.05,0.68,55.11
13.72,24.76,7.42,8.6,0.65,53.88
14.68,26.31,7.41,8.33,0.61,65.39
19.05,31.01,8.71,10.33,0.6,60.82
14.17,27.72,9.14,20.34,0.8,42.56
20.89,29.54,7.09,11.48,0.71,55.03
15.79,27.49,7.6,8.37,0.61,64.34
17.44,25.98,5.86,10.15,0.62,67.35
15.82,22.97,3.8,11.11,0.64,62.2
19.83,33.43,6.26,13.68,0.63,54.51
28.39,44.23,7.83,10.25,0.86,64.54
22.91,30.39,6.91,6.96,0.92,60.85
29.79,38.3,10.79,7.83,0.68,70.34
22.1,33.16,9.07,7.23,0.46,88.35
22.47,31.03,7.7,6.52,0.45,78.0
19.9,27.48,7.5,10.05,0.49,73.02
11.64,18.33,5.02,7.51,0.48,58.97
7.78,15.81,2.2,5.99,0.46,52.08
9.04,15.98,2.63,12.46,0.54,36.98
10.34,17.72,3.26,19.49,0.73,25.11
19.06,36.2,7.81,15.22,0.84,30.64
13.44,26.32,7.85,7.95,0.86,62.86
27.35,44.51,7.62,10.77,0.89,58.82
20.03,33.33,8.41,10.06,0.92,54.94
19.29,32.71,6.95,4.49,0.57,73.41
28.88,40.83,8.91,6.41,0.5,75.23
29.48,39.6,8.62,7.4,0.58,76.3
22.98,32.5,7.53,7.06,0.57,72.49
23.37,30.12,6.04,10.68,0.71,81.14
22.13,28.74,4.67,18.6,0.74,58.08
11.83,16.75,1.92,12.8,0.62,38.9
12.0,17.55,2.1,22.01,0.84,31.22
16.96,22.42,3.55,10.07,0.61,52.47
21.99,39.73,7.7,5.9,0.6,80.64
18.67,33.29,5.56,5.97,0.58,77.14
25.48,34.45,4.21,6.11,0.6,84.18
21.27,30.66,2.56,8.61,0.61,79.44
21.85,34.22,3.73,23.04,0.75,43.69
16.57,25.82,7.19,9.51,0.8,52.61
13.1,23.79,7.78,7.06,0.72,63.99
14.72,24.51,5.02,5.81,0.63,74.87
20.77,30.57,2.37,11.51,0.77,58.17
21.15,37.57,4.01,19.31,0.86,35.27
22.62,37.35,4.33,19.2,0.89,25.25
20.77,33.59,7.47,7.48,1.03,58.46
11.42,21.94,6.77,4.28,0.79,72.06
14.64,24.51,2.47,14.16,0.76,55.1
22.35,33.69,2.65,24.87,1.0,32.53
17.32,38.66,5.79,21.52,0.86,29.25
10.26,26.51,7.1,10.6,0.97,25.51
8.65,16.87,5.98,5.87,0.69,56.76
15.11,19.31,5.7,5.12,0.54,67.76
18.14,25.53,6.7,18.86,0.64,62.09
21.33,29.04,5.33,27.02,0.62,47.59
22.22,30.09,3.54,42.58,0.9,31.28
18.13,28.17,4.54,25.31,0.83,34.62
12.38,25.23,7.15,9.13,0.46,51.09
12.35,22.35,2.59,3.92,0.43,57.7
15.55,29.13,6.4,9.18,0.61,46.04
11.6,26.78,8.65,11.08,0.92,36.4
13.38,29.47,8.15,6.43,0.84,64.11
21.88,35.64,7.12,5.32,0.61,75.09
28.05,42.52,8.43,7.91,0.76,72.88
38.21,54.25,9.18,5.07,0.76,79.13
38.94,63.25,9.09,6.93,0.59,105.35
42.0,55.68,7.78,7.95,0.47,83.74
25.94,44.64,3.16,6.78,0.57,87.98
19.92,31.34,2.59,9.57,0.59,68.37
15.02,24.07,2.59,7.83,0.65,53.75
11.69,18.29,2.03,9.22,0.69,42.02
19.17,21.89,2.14,18.49,0.89,33.26
16.38,24.09,3.22,12.91,0.73,40.31
24.64,39.95,8.94,7.77,0.91,52.0
18.51,27.78,8.15,7.79,0.79,64.94
19.56,31.29,7.99,8.13,0.66,68.6
25.31,34.87,7.11,9.63,0.67,74.94
24.8,35.12,4.39,8.67,0.64,74.97
18.29,34.51,8.44,5.91,0.7,59.84
22.57,36.16,6.04,4.64,0.67,80.76
27.22,39.41,3.51,7.43,0.61,78.09
29.06,40.98,4.5,7.59,0.6,64.27
11.03,26.2,8.63,8.85,0.74,57.5
10.37,24.6,7.19,7.17,0.67,70.1
15.69,26.94,7.28,12.06,0.65,68.42
20.7,30.71,5.73,13.51,0.66,67.55
27.82,43.56,7.22,13.43,0.75,74.85
26.45,37.62,8.55,12.73,0.66,102.49
28.0,50.23,3.91,9.58,0.48,97.1
18.96,40.85,1.81,3.65,0.48,92.85
16.53,33.11,1.69,6.02,0.47,81.47
12.76,19.55,1.89,7.03,0.44,62.62
12.76,18.99,2.17,8.8,0.48,49.93
15.25,21.59,2.38,14.47,0.57,35.36
13.86,19.33,2.2,11.13,0.59,44.62
12.21,16.98,2.0,9.71,0.58,58.29
9.4,13.27,1.92,9.54,0.51,47.51
15.76,24.83,4.8,10.93,0.56,42.5
11.86,28.78,8.22,9.97,0.62,40.28
10.8,25.32,4.74,21.29,0.61,55.04
16.73,27.0,2.62,35.03,0.8,31.85
19.35,32.72,5.38,23.3,0.84,29.54
18.51,35.09,5.9,18.01,0.78,53.5
19.28,34.18,3.48,27.2,0.78,39.49
18.44,25.46,2.76,15.01,0.66,40.83
15.87,21.19,2.46,7.16,0.56,59.28
9.84,16.36,2.22,16.29,0.61,36.02
6.1,9.52,1.9,4.15,0.52,43.64
10.86,13.55,2.27,4.61,0.59,46.0
11.88,17.27,1.84,3.94,0.63,48.21
8.69,12.99,2.23,6.54,0.61,46.3
18.03,34.7,8.38,11.83,0.67,51.28
12.23,27.24,8.78,11.48,0.75,54.32
22.13,32.62,8.17,7.78,0.66,83.11
29.43,39.88,9.02,8.96,0.59,128.85
29.74,40.91,8.25,6.93,0.54,126.36
23.06,33.49,3.92,5.48,0.53,109.76
25.32,36.18,2.89,10.28,0.6,85.68
22.41,30.84,2.7,13.09,0.61,57.24
18.55,25.85,2.92,16.25,0.7,39.18
13.48,17.92,1.94,6.03,0.56,42.53
12.8,17.36,1.97,5.08,0.53,40.64
10.01,14.72,2.37,6.96,0.46,36.26
7.33,10.85,1.49,3.51,0.41,38.96
6.57,9.89,1.27,3.24,0.55,39.58
8.05,12.44,1.64,5.74,0.61,37.13
6.93,10.37,1.73,5.88,0.56,34.54
7.28,9.51,1.62,4.82,0.59,34.49
9.4,14.42,1.41,5.66,0.62,45.29
19.74,30.7,1.77,5.82,0.66,60.02
16.41,27.89,1.85,4.94,0.65,60.12
23.65,36.51,1.57,8.54,0.7,68.41
24.34,39.81,1.66,7.48,0.7,65.16
25.31,37.97,1.7,4.35,0.66,59.89
29.12,42.0,1.18,3.1,0.68,65.97
22.17,34.26,1.51,5.18,0.68,39.5
13.8,21.51,2.71,8.96,0.55,37.9
17.77,26.71,2.21,6.89,0.71,42.62
8.79,13.5,1.85,6.04,0.53,38.09
9.42,14.73,1.79,4.56,0.51,40.28
6.76,13.8,1.68,7.05,0.6,36.19
9.59,14.1,1.17,10.59,0.84,72.95
11.88,21.62,1.37,23.16,1.02,54.1
11.7,22.98,1.54,15.99,0.86,37.57
6.24,12.75,1.32,7.62,0.68,33.46
11.85,20.06,1.7,16.94,0.82,34.24
13.14,22.79,1.94,17.63,0.92,40.94
15.11,25.92,2.3,16.34,0.94,39.9
9.57,16.2,1.96,13.59,0.68,33.86
10.12,20.3,2.27,12.28,0.78,28.59
8.22,13.01,1.27,4.83,0.62,37.64
7.49,11.53,1.34,5.1,0.55,35.1
9.28,12.31,1.49,5.29,0.51,33.88
10.43,15.33,1.74,5.54,0.51,29.25
8.77,13.67,1.71,5.71,0.51,30.82
4.86,10.77,1.47,5.78,0.55,34.1
7.91,11.57,2.25,5.7,0.56,31.88
5.97,10.6,1.79,4.74,0.57,35.2
8.44,12.12,1.37,5.15,0.54,38.21
18.83,25.29,3.55,7.64,0.57,57.63
17.23,25.63,3.51,5.35,0.6,61.42
10.1,16.76,1.82,14.49,0.7,62.2
5.73,10.51,1.73,4.42,0.68,44.99
9.1,12.57,2.69,5.42,0.47,45.68
16.51,29.66,8.74,7.92,0.52,62.28
20.68,48.25,7.42,6.77,0.64,78.82
16.84,38.21,6.98,5.32,0.6,80.93
15.23,34.96,4.43,6.99,0.55,34.92
13.69,23.68,2.47,7.07,0.52,45.17
17.33,25.87,3.86,8.89,0.6,71.86
16.03,31.03,8.39,8.98,0.63,66.76
21.57,38.89,7.75,6.58,0.75,83.48
15.54,30.94,6.78,3.65,0.64,63.01
9.69,21.29,3.07,3.45,0.55,34.88
7.94,11.03,2.02,7.03,0.6,34.27
9.59,13.31,2.07,14.11,0.67,40.32
10.55,23.34,1.55,13.55,0.78,49.56
9.47,22.25,1.45,19.44,0.89,32.84
7.73,23.74,1.21,10.75,0.93,33.73
3.92,10.39,1.27,2.98,0.7,47.41
4.56,8.95,1.37,4.75,0.54,53.01
6.93,12.25,1.68,7.49,0.47,56.49
6.72,11.41,1.65,7.02,0.51,64.73
8.47,13.99,1.87,9.24,0.55,63.51
10.45,16.46,2.23,11.29,0.59,57.82
8.12,12.81,2.16,7.44,0.5,65.54
9.76,15.27,2.24,11.32,0.53,56.68
6.72,10.48,1.85,9.56,0.49,55.71
6.17,9.18,1.84,10.16,0.54,53.88
6.9,13.08,1.79,17.24,0.61,52.95
10.02,17.4,1.77,19.44,0.67,55.45
7.5,16.37,1.49,14.31,0.66,61.22
8.51,15.69,1.62,16.88,0.57,60.95
5.78,13.01,1.66,18.64,0.41,59.93
4.58,9.57,1.52,9.6,0.41,62.93
5.17,15.44,1.64,11.61,0.5,54.05
5.16,11.3,2.11,14.33,0.5,46.25
5.77,10.56,2.16,7.84,0.49,42.88
2.48,5.85,1.59,5.51,0.51,28.22
4.95,8.68,2.31,6.99,0.59,27.31
6.02,10.72,2.03,10.95,0.66,24.79
3.91,8.58,2.17,8.25,0.71,25.95
2.8,6.87,1.87,7.73,0.76,30.53
3.62,7.15,1.78,6.83,0.73,33.74
5.49,9.99,2.0,13.05,0.78,25.92
5.66,9.6,1.85,6.51,0.63,31.05
2.22,5.56,1.46,3.77,0.55,34.25
2.4,5.3,1.3,3.04,0.5,34.98
5.35,9.45,1.72,12.75,0.67,25.49
4.45,12.99,1.4,5.03,0.55,43.36
3.89,11.4,1.24,2.49,0.32,45.37
6.68,18.81,1.7,8.34,0.61,41.4
5.51,14.1,1.73,12.48,0.58,28.9
5.84,11.13,1.85,13.26,0.53,36.73
5.44,11.55,1.83,7.84,0.45,36.33
7.51,14.33,2.08,5.4,0.53,41.65
7.71,11.26,2.12,7.66,0.49,34.57
9.42,14.57,2.25,7.51,0.48,29.39
7.43,10.67,2.15,5.73,0.47,42.46
6.24,10.04,2.04,7.15,0.48,50.14
6.37,12.24,2.01,9.74,0.47,46.73
7.63,14.63,2.05,14.52,0.5,35.65
5.65,10.48,1.91,11.01,0.51,45.67
6.59,16.21,1.75,5.72,0.54,53.61
6.77,19.23,1.83,8.88,0.61,45.63
6.26,13.81,1.83,3.29,0.54,56.28
8.04,14.26,2.01,3.11,0.53,55.68
7.6,18.17,1.54,2.86,0.61,53.89
4.53,16.69,1.27,2.59,0.52,48.6
4.29,11.64,1.03,2.36,0.41,34.32
2.66,7.05,1.06,2.55,0.42,27.9
3.39,7.31,1.36,6.69,0.54,21.7
4.57,8.21,1.58,4.58,0.48,27.03
7.41,11.91,2.02,8.32,0.42,24.15
11.96,17.94,2.93,8.96,0.37,24.45
14.23,21.03,3.17,10.94,0.44,27.22
14.33,20.53,3.26,6.85,0.46,45.65
4.51,9.77,1.35,8.37,0.71,35.59
3.18,7.5,1.32,7.36,0.72,31.91
4.96,10.71,1.73,7.85,0.63,29.77
9.09,13.4,1.87,8.35,0.48,34.67
9.77,16.78,2.23,10.67,0.48,35.44
11.34,18.04,2.73,8.54,0.42,44.49
8.15,13.31,1.94,5.93,0.37,53.49
6.4,10.91,1.83,6.5,0.42,45.1
6.48,10.21,1.94,5.45,0.4,42.71
9.09,15.23,2.58,7.91,0.41,33.15
9.48,15.51,2.34,11.74,0.46,36.42
8.02,16.64,2.09,14.07,0.38,35.35
7.74,16.88,2.09,15.37,0.38,35.99
9.85,16.05,2.5,14.25,0.43,40.52
11.79,19.35,2.73,17.76,0.51,27.5
9.11,13.19,2.77,13.41,0.43,34.01
8.53,14.83,2.23,9.45,0.38,42.6
5.59,12.48,1.54,8.85,0.36,40.06
4.51,11.18,1.47,7.33,0.33,45.3
7.63,13.01,2.34,4.81,0.33,51.89
5.73,11.6,1.98,2.31,0.31,48.67
4.73,22.58,1.94,2.38,0.3,45.63
5.93,16.22,1.5,7.11,0.42,44.05
7.67,22.36,1.32,16.32,0.59,36.48
11.27,24.82,1.78,18.81,0.53,29.03
12.1,19.79,2.36,12.07,0.55,39.92
11.72,15.81,2.46,6.53,0.44,46.04
15.18,21.32,2.25,10.67,0.48,31.73
20.94,32.16,4.13,15.61,0.54,40.67
25.7,36.19,3.77,17.79,0.58,44.39
18.76,33.64,3.9,13.68,0.56,44.04
22.8,44.73,8.69,18.45,0.62,38.16
15.3,36.19,10.09,11.37,0.57,55.64
15.13,33.98,8.5,12.5,0.51,57.63
12.64,23.9,3.23,15.96,0.46,40.44
4.7,9.19,1.73,8.85,0.36,40.66
8.22,18.21,3.03,12.82,0.45,39.71
11.43,19.94,4.33,8.6,0.46,51.25
13.41,28.0,5.23,18.67,0.57,21.39
17.7,43.02,8.06,11.93,0.56,37.25
19.69,34.89,6.33,14.25,0.56,48.72
9.42,15.44,2.76,15.49,0.44,37.66
8.33,18.65,2.48,16.39,0.55,35.57
7.75,20.31,2.25,14.15,0.56,32.32
7.58,17.12,2.54,11.97,0.58,27.02
8.35,13.66,3.08,7.32,0.56,26.85
3.98,7.61,1.69,2.63,0.38,36.04
2.52,6.05,1.23,2.03,0.4,36.86
4.2,7.66,1.79,7.93,0.49,36.09
22.33,38.34,5.85,7.67,0.56,47.17
29.86,46.2,7.7,11.4,0.61,70.75
28.68,44.63,8.54,12.73,0.62,69.48
34.41,46.1,9.7,6.47,0.48,87.18
33.17,39.06,8.47,6.3,0.34,98.24
28.06,39.72,9.38,8.36,0.53,85.23
16.83,25.41,5.64,4.22,0.42,74.38
10.13,15.83,3.01,3.85,0.48,51.45
5.55,8.17,2.08,6.16,0.59,30.75
4.92,8.05,2.07,4.47,0.62,28.24
8.28,12.62,2.32,8.74,0.65,25.29
13.59,20.5,2.54,10.33,0.53,30.08
17.14,27.23,3.44,12.43,0.44,34.49
22.18,35.61,5.73,11.65,0.48,44.98
43.07,59.29,9.7,15.92,0.69,65.87
24.92,37.42,8.54,7.31,0.71,75.67
20.7,35.72,8.87,9.43,0.68,78.39
21.86,34.06,7.49,10.01,0.67,43.06
13.21,26.61,7.94,4.9,0.37,54.51
17.52,32.09,6.86,12.78,0.49,40.29
19.14,26.89,6.12,15.0,0.54,40.58
14.96,28.42,6.53,12.42,0.51,38.5
18.7,35.27,8.35,12.71,0.52,49.73
24.02,41.47,8.29,10.51,0.59,60.18
27.09,36.91,7.88,9.9,0.63,71.98
23.18,31.42,7.06,9.83,0.64,69.95
22.43,33.35,6.8,9.13,0.66,82.66
17.72,25.67,6.81,13.34,0.61,61.11
9.23,15.92,5.5,5.46,0.4,44.4
7.79,11.8,1.71,2.24,0.41,44.13
10.39,15.18,2.45,3.28,0.45,52.7
17.49,25.8,6.15,9.55,0.58,71.19
17.61,28.41,6.53,15.66,0.71,52.01
11.24,21.05,5.92,3.37,0.5,56.7
17.39,29.58,6.49,15.44,0.62,47.41
21.27,31.77,7.97,16.61,0.7,41.52
23.44,37.33,7.85,18.26,0.75,42.32
23.37,40.52,7.05,16.26,0.75,39.3
19.95,38.84,6.36,9.97,0.66,31.07
12.97,26.59,3.47,7.54,0.56,31.22
5.68,10.12,1.86,4.9,0.54,33.56
11.26,16.0,2.06,3.74,0.35,40.67
8.13,14.35,1.94,8.63,0.42,33.28
10.78,17.69,2.05,7.65,0.44,35.33
16.08,25.5,4.25,7.09,0.41,53.09
17.27,31.31,7.0,5.09,0.42,63.28
14.38,21.81,4.81,3.75,0.44,63.3
22.45,32.93,7.9,4.7,0.45,84.89
21.77,32.25,8.57,5.95,0.52,84.16
21.21,28.58,7.86,7.1,0.54,80.44
20.68,29.18,7.23,9.6,0.52,88.37
20.3,29.53,5.02,10.17,0.59,81.83
11.01,18.59,2.09,4.0,0.45,61.88
8.31,13.0,1.67,3.38,0.41,52.83
9.95,15.32,2.39,3.79,0.4,55.79
20.16,41.73,7.49,7.5,0.55,66.82
17.16,36.82,7.06,9.45,0.74,68.57
12.51,26.59,7.42,8.34,0.69,64.28
14.0,23.94,4.12,6.94,0.51,67.46
11.37,19.08,2.36,6.81,0.5,54.4
11.38,21.57,2.47,7.33,0.51,53.98
13.44,19.65,2.77,7.56,0.49,59.63
17.84,30.21,4.6,8.88,0.41,59.31
18.49,31.18,2.86,10.19,0.49,56.05
12.78,19.38,2.33,8.25,0.58,43.37
12.08,19.55,2.38,7.49,0.6,24.78
10.95,18.77,2.39,8.28,0.58,19.52
6.96,12.31,2.04,6.3,0.51,23.22
5.01,8.18,1.99,6.43,0.51,19.42
8.15,16.33,3.96,9.72,0.44,20.46
7.85,23.88,6.48,8.81,0.53,44.92
8.85,22.73,6.29,8.17,0.48,55.25
11.78,31.13,6.32,12.39,0.5,45.85
12.37,29.52,6.03,10.85,0.62,51.25
17.9,32.18,6.46,9.79,0.53,71.67
18.55,28.32,7.64,12.3,0.63,70.84
20.88,29.55,8.01,10.17,0.6,70.38
28.4,40.12,8.27,12.04,0.58,79.68
23.1,34.99,7.54,7.74,0.51,80.96
15.42,28.03,7.62,6.25,0.49,72.34
20.57,32.68,7.29,10.5,0.5,65.35
20.37,32.6,7.42,12.62,0.5,61.65
40.79,55.8,6.66,15.83,0.62,73.21
31.95,47.54,7.03,9.57,0.58,85.71
34.31,55.43,8.67,12.76,0.6,96.63
44.26,69.66,10.54,23.32,0.69,104.92
39.97,59.48,8.24,19.48,0.69,106.21
20.08,35.5,5.41,5.87,0.5,77.6
10.55,26.43,2.07,3.85,0.43,67.34
8.98,21.47,1.86,3.51,0.46,64.41
18.69,33.59,6.87,7.82,0.51,74.3
19.97,34.38,6.39,9.16,0.79,74.74
26.77,37.02,7.32,9.96,0.93,79.66
22.87,31.44,6.75,6.06,0.64,81.03
16.9,29.03,3.51,5.9,0.62,70.02
9.64,22.72,1.99,4.05,0.56,71.46
11.19,21.9,2.2,4.35,0.55,69.92
10.54,17.92,2.33,6.31,0.51,59.72
18.79,35.41,5.26,8.76,0.58,60.34
22.57,42.34,5.39,7.36,0.74,79.89
14.39,29.38,5.12,7.54,0.74,64.04
20.63,36.14,2.57,4.89,0.61,66.05
13.17,25.5,2.18,7.62,0.5,59.84
19.35,40.87,5.74,11.82,0.64,58.25
23.61,45.34,6.19,10.44,0.65,70.8
24.06,35.31,7.72,12.08,0.57,72.02
22.87,31.77,8.2,16.41,0.55,71.96
13.87,23.08,6.82,6.4,0.39,76.2
12.81,19.65,3.45,3.9,0.31,71.58
9.62,17.95,2.07,6.91,0.3,62.31
14.36,22.96,3.84,12.59,0.38,61.33
13.23,21.93,2.02,5.2,0.33,74.15
15.26,24.02,1.72,7.93,0.36,70.44
15.46,22.87,1.8,8.62,0.37,63.48
16.19,24.42,2.13,16.35,0.42,42.16
15.79,24.2,2.58,8.4,0.38,52.27
25.21,39.43,6.5,5.59,0.47,66.21
25.61,43.13,4.06,4.03,0.55,80.08
24.55,40.5,2.67,3.2,0.56,79.66
23.22,39.2,2.46,4.56,0.52,68.18
21.4,40.96,7.51,13.75,0.84,60.74
11.39,26.33,8.4,15.71,1.05,50.9
9.48,23.39,7.07,9.58,0.77,56.09
11.31,22.45,5.96,7.79,0.61,62.64
11.35,21.69,1.94,4.26,0.5,72.01
10.32,18.79,1.86,5.41,0.44,71.45
16.31,24.97,3.58,8.71,0.49,58.5
22.2,38.04,7.95,7.17,0.55,63.99
19.61,31.91,7.63,5.77,0.68,72.66
27.29,35.04,7.13,5.35,0.71,83.42
27.91,34.01,7.13,5.42,0.64,89.56
18.74,25.94,3.78,5.07,0.57,75.44
12.48,19.67,3.6,3.04,0.32,75.24
19.65,27.09,5.9,3.21,0.37,84.1
21.8,33.05,4.59,2.92,0.34,85.67
24.22,32.09,3.3,6.08,0.32,78.16
22.21,28.87,1.98,9.38,0.38,60.47
18.2,24.78,3.6,8.64,0.39,57.6
21.83,37.15,5.56,7.14,0.56,48.78
11.43,21.59,4.47,3.77,0.41,67.7
17.13,25.77,5.53,3.37,0.41,72.34
13.41,21.29,2.67,3.04,0.47,71.43
13.34,19.97,1.95,4.8,0.46,68.08
15.0,24.5,4.98,6.04,0.47,64.35
21.01,31.44,4.92,7.73,0.5,73.16
17.84,36.58,3.22,3.88,0.59,66.96
26.79,41.19,2.49,5.59,0.61,63.6
14.92,27.78,7.06,6.56,0.79,58.27
29.03,39.48,7.33,5.78,0.78,71.89
37.45,44.41,8.21,5.82,0.85,78.47
40.88,41.93,8.16,6.5,0.77,92.24
32.43,40.61,6.58,5.26,0.67,103.78
16.83,24.9,2.58,3.47,0.46,91.29
14.6,25.04,2.03,3.92,0.42,82.77
9.66,17.12,1.49,4.05,0.32,78.02
12.25,18.67,1.6,5.32,0.34,70.91
14.65,20.02,1.99,5.98,0.33,70.32
20.16,29.02,2.99,8.86,0.42,63.65
20.48,27.83,2.41,10.07,0.43,46.94
11.02,15.88,1.9,6.88,0.35,36.47
7.0,10.0,1.83,5.89,0.34,36.97
13.76,20.38,3.59,7.22,0.35,30.39
15.73,29.87,7.03,9.0,0.56,49.06
12.67,25.94,6.96,10.2,0.64,56.18
12.1,24.08,7.2,8.19,0.67,57.87
14.63,30.02,7.37,8.53,0.56,71.46
28.15,35.79,4.21,4.78,0.44,82.49
29.39,39.04,3.83,7.72,0.53,86.36
46.7,59.4,8.21,10.68,0.59,108.34
36.86,59.76,4.8,8.34,0.55,119.97
28.0,42.51,3.08,9.1,0.51,92.96
24.49,35.87,2.9,14.9,0.55,56.95
20.06,33.8,3.17,24.01,0.54,31.77
21.73,31.36,3.03,11.42,0.45,47.72
24.8,34.73,2.52,7.4,0.43,69.17
18.62,30.47,2.74,6.13,0.45,83.89
26.95,37.62,2.84,10.43,0.47,68.14
26.12,39.73,2.96,18.68,0.49,33.72
22.65,28.89,2.08,5.31,0.36,50.67
22.64,29.56,1.92,6.6,0.45,49.06
23.89,31.75,2.66,15.31,0.57,38.75
20.23,29.38,2.01,2.98,0.41,61.88
16.48,26.69,1.65,2.72,0.48,83.5
15.27,26.34,1.62,3.5,0.5,70.48
13.99,21.8,1.57,3.88,0.53,59.62
16.03,23.56,1.81,4.25,0.52,65.29
15.33,22.98,1.88,5.01,0.49,62.19
15.99,22.38,2.05,5.34,0.46,56.08
13.53,18.93,1.61,3.28,0.36,57.9
14.44,20.73,2.2,6.79,0.4,41.39
12.76,17.4,1.88,3.99,0.4,46.11
15.62,21.03,2.75,5.32,0.43,32.63
10.41,27.42,7.88,6.65,0.63,55.43
10.87,23.17,5.03,4.98,0.61,84.57
21.24,34.44,2.25,5.74,0.61,90.68
22.29,32.47,2.03,7.12,0.57,60.88
19.41,27.8,2.23,6.43,0.43,43.17
16.48,27.86,4.03,10.18,0.44,37.41
11.96,26.29,7.38,6.41,0.6,80.0
20.39,35.67,4.97,3.68,0.46,112.79
20.1,33.87,2.87,2.71,0.38,111.79
13.81,30.95,1.92,3.12,0.34,91.68
13.56,23.4,1.91,5.03,0.35,73.2
14.28,21.96,2.37,6.67,0.39,49.65
12.68,18.37,1.91,4.71,0.4,37.78
11.63,16.83,1.9,5.45,0.4,37.7
8.0,12.76,1.58,5.58,0.42,35.77
7.43,13.92,1.41,3.55,0.46,47.05
10.32,19.2,1.58,8.2,0.5,49.16
16.44,28.79,3.81,9.02,0.47,42.94
12.67,29.68,6.32,11.47,0.57,72.79
14.26,24.79,2.98,9.58,0.58,68.64
9.46,15.96,1.57,9.09,0.56,43.77
10.63,15.15,1.94,7.09,0.46,43.03
12.76,16.87,2.23,8.11,0.45,44.44
15.49,23.3,2.63,12.42,0.54,32.2
13.7,23.7,1.62,13.36,0.55,36.39
15.56,20.64,1.24,6.63,0.54,58.54
20.0,26.11,1.51,5.47,0.48,68.06
25.14,34.95,6.27,5.7,0.5,77.74
20.0,33.4,5.87,6.61,0.51,83.44
21.63,33.03,3.61,10.93,0.5,79.23
13.22,20.49,2.17,8.11,0.55,51.52
10.4,15.7,1.29,4.75,0.46,45.69
18.64,28.61,3.94,8.17,0.42,53.26
24.17,36.46,7.3,8.47,0.62,86.3
28.77,37.54,6.21,12.6,0.62,79.67
26.46,36.11,4.1,7.47,0.54,89.59
21.6,27.45,2.37,6.05,0.48,74.35
15.3,20.93,1.81,11.04,0.42,45.24
8.8,15.22,1.28,6.32,0.32,39.31
7.66,10.19,1.27,3.58,0.29,39.36
12.89,14.77,2.31,11.23,0.38,35.33
12.46,19.52,2.11,10.18,0.54,23.63
13.31,16.97,1.75,4.99,0.47,26.38
13.28,18.27,1.95,7.69,0.52,32.0
10.92,15.88,2.36,6.43,0.46,33.9
8.08,10.77,1.76,6.63,0.45,37.29
9.37,13.66,1.67,4.65,0.42,40.03
10.81,15.15,2.01,7.12,0.43,37.17
10.51,16.67,2.42,8.76,0.43,33.43
9.49,13.36,2.17,8.82,0.44,34.3
6.41,11.2,1.5,11.36,0.53,27.84
12.07,21.52,4.72,8.18,0.44,50.73
18.54,33.39,7.2,9.26,0.46,69.68
21.83,34.25,4.54,8.54,0.51,77.26
16.7,22.43,1.83,6.25,0.44,64.46
10.14,21.45,2.21,4.73,0.37,49.62
11.72,28.13,3.28,8.13,0.43,40.56
16.21,21.84,2.49,6.14,0.47,53.8
11.29,16.11,2.08,7.74,0.48,51.86
14.99,20.99,2.39,10.44,0.47,55.69
16.52,31.45,7.32,7.4,0.49,71.52
16.38,32.17,6.66,12.47,0.69,73.54
21.66,39.78,6.04,13.36,0.81,74.58
21.63,32.55,4.8,8.24,0.58,96.06
19.85,27.34,2.8,7.35,0.56,67.51
14.64,21.62,1.73,8.21,0.55,45.51
12.32,18.56,2.29,8.79,0.57,34.39
7.48,10.54,1.44,2.67,0.35,62.93
5.31,9.54,1.13,3.13,0.37,64.07
5.65,9.96,1.22,4.1,0.34,65.59
5.91,11.22,1.25,10.5,0.35,55.98
6.54,15.57,1.28,19.06,0.4,46.06
5.95,13.32,1.49,13.85,0.42,49.75
5.2,7.53,1.54,7.49,0.38,41.61
6.07,9.4,1.49,8.36,0.4,32.97
7.85,13.61,1.7,9.34,0.5,38.27
7.34,11.76,1.99,9.74,0.39,40.97
8.91,14.89,2.06,10.11,0.41,38.08
7.54,10.91,1.68,7.68,0.4,45.49
7.74,12.1,1.69,9.14,0.46,52.94
10.77,21.3,1.55,3.62,0.43,63.88
7.0,11.76,1.43,3.57,0.37,62.97
6.61,12.11,1.26,5.39,0.47,62.42
11.95,20.44,1.92,14.12,0.5,57.11
11.53,17.15,1.95,21.04,0.68,34.15
8.78,17.62,1.58,21.93,0.76,29.03
7.96,18.41,1.41,24.59,0.74,22.31
7.84,17.7,1.49,16.68,0.54,36.85
8.78,13.22,1.46,5.52,0.35,61.72
4.24,7.96,1.14,3.81,0.37,42.78
4.36,8.14,1.13,5.57,0.38,42.68
6.31,10.26,1.33,3.61,0.38,54.0
3.94,7.78,1.06,3.01,0.37,45.41
4.47,9.05,1.1,3.64,0.41,39.27
2.82,7.07,0.91,3.63,0.36,30.37
4.26,7.09,0.92,7.55,0.49,28.77
4.64,9.11,1.03,10.34,0.53,28.18
4.88,10.83,1.22,9.04,0.46,39.62
6.9,11.63,1.36,10.98,0.42,50.0
8.62,12.63,1.74,12.03,0.42,44.12
7.78,14.38,1.74,14.61,0.39,34.68
6.5,11.24,1.7,12.06,0.37,40.19
9.43,12.3,2.55,11.57,0.38,36.28
6.59,10.55,1.44,16.13,0.49,26.28
4.86,11.7,1.18,13.0,0.48,33.11
4.89,9.02,1.3,7.69,0.39,39.61
6.84,9.34,1.37,3.02,0.34,55.84
4.83,7.12,1.35,4.24,0.49,40.43
5.5,8.41,1.6,4.78,0.58,26.4
5.38,7.96,1.81,6.43,0.64,24.69
7.43,10.05,1.82,17.06,0.74,24.0
6.35,11.14,1.55,8.96,0.59,24.62
5.62,9.44,1.66,3.65,0.41,45.76
5.64,10.63,1.17,2.95,0.31,47.5
5.65,9.51,1.9,8.61,0.35,40.8
6.9,10.79,1.89,12.67,0.34,32.97
6.79,11.42,1.85,7.98,0.37,35.4
6.32,8.83,1.67,8.2,0.42,31.35
8.89,14.55,1.85,11.01,0.4,24.38
10.07,15.97,2.61,13.06,0.55,18.09
14.14,21.17,3.31,11.94,0.49,29.78
10.59,15.5,2.5,2.81,0.37,56.69
7.73,10.41,2.16,10.01,0.44,33.49
8.82,13.75,2.2,11.27,0.45,29.66
10.97,16.56,2.48,17.66,0.48,31.02
10.82,16.43,2.72,9.98,0.41,39.91
9.94,13.69,2.35,4.89,0.35,60.62
8.94,13.07,2.0,3.79,0.36,62.66
8.4,14.4,1.84,3.36,0.32,58.01
9.87,22.49,1.72,4.69,0.27,55.11
9.97,17.72,1.72,8.32,0.3,57.77
9.66,14.07,1.7,14.53,0.38,41.73
7.21,14.96,1.85,13.95,0.41,36.91
4.23,10.15,2.15,11.12,0.37,37.09
7.91,12.5,1.69,16.95,0.42,27.85
5.63,9.46,1.64,16.02,0.43,29.69
5.79,11.25,1.49,13.9,0.37,42.51
5.77,9.33,1.52,3.68,0.29,57.46
7.14,12.8,1.56,9.93,0.38,47.42
6.85,13.39,1.38,2.71,0.3,56.59
5.35,10.19,1.26,2.97,0.35,50.73
4.19,9.3,1.09,4.71,0.38,39.94
4.92,8.93,1.33,5.06,0.31,39.78
4.1,8.76,1.62,8.7,0.39,27.89
4.42,6.64,1.75,4.45,0.26,31.02
7.05,8.88,1.59,6.39,0.3,29.98
6.11,9.28,1.55,5.62,0.38,25.33
5.25,8.73,1.85,5.89,0.39,24.01
6.33,10.15,2.22,7.39,0.34,26.16
5.54,8.03,1.43,5.54,0.25,36.65
13.13,22.96,2.3,22.9,0.42,27.99
7.11,16.38,1.69,8.78,0.45,44.82
5.79,14.35,1.93,7.59,0.49,39.88
4.33,7.12,1.57,4.96,0.42,31.65
9.25,13.02,3.68,7.6,0.41,32.61
8.57,12.23,2.39,15.51,0.6,16.26
5.31,8.04,1.74,10.88,0.6,21.07
4.13,6.7,1.47,7.82,0.47,27.32
7.45,13.48,2.54,9.78,0.42,24.25
9.46,14.88,2.13,12.23,0.38,31.3
10.01,15.29,2.74,9.76,0.42,40.49
10.38,15.97,2.45,15.69,0.44,33.54
8.77,13.06,2.1,8.54,0.38,41.56
8.35,12.21,2.04,5.13,0.34,52.25
11.11,16.45,2.82,11.09,0.41,41.49
9.55,13.85,2.69,13.97,0.39,37.59
11.74,16.66,2.51,25.46,0.59,18.83
9.47,17.48,2.82,13.81,0.51,23.01
7.27,14.74,1.96,10.56,0.49,17.84
5.18,16.67,2.13,11.35,0.52,19.54
11.94,18.03,3.29,11.98,0.47,28.76
18.89,28.94,4.93,17.09,0.49,40.78
17.97,30.34,6.05,13.63,0.49,29.18
12.63,21.44,2.13,1.47,0.37,60.77
11.25,22.81,1.6,4.61,0.56,37.61
12.52,23.01,2.41,13.29,0.57,26.3
12.29,20.75,3.02,12.36,0.57,36.32
13.08,20.07,3.09,12.0,0.61,24.45
15.95,24.38,3.51,12.67,0.59,33.02
19.43,26.55,3.67,20.76,0.6,34.14
18.2,26.12,2.68,11.75,0.53,25.67
18.7,21.65,2.22,8.12,0.48,27.81
17.19,24.22,2.12,15.26,0.53,15.08
9.79,16.33,2.07,4.89,0.37,44.79
5.71,10.36,1.91,5.87,0.5,34.84
6.76,9.15,2.18,7.92,0.36,30.04
7.3,11.23,1.89,11.74,0.41,24.17
5.49,7.75,1.95,8.87,0.38,22.68
4.84,8.47,2.05,11.55,0.46,21.51
8.05,12.54,2.44,9.22,0.38,23.41
9.47,12.88,2.3,5.98,0.36,22.8
4.7,7.8,1.56,2.8,0.34,28.19
5.46,8.02,1.73,3.19,0.39,31.11
11.31,14.77,2.73,6.41,0.38,41.07
9.93,13.23,2.98,6.27,0.4,41.77
7.13,9.99,1.89,5.12,0.5,33.51
12.66,17.99,2.5,3.67,0.45,53.63
12.39,17.79,3.84,12.1,0.52,35.22
6.22,11.29,1.89,6.43,0.45,35.45
4.5,7.87,1.73,4.95,0.38,29.78
9.87,17.09,3.59,8.0,0.39,51.54
25.65,33.88,8.05,16.87,0.58,63.43
27.79,35.56,7.81,9.6,0.64,75.48
18.14,26.76,7.28,7.42,0.58,61.99
8.38,21.3,7.73,9.59,0.57,54.89
13.16,25.18,5.74,15.94,0.72,46.66
10.96,17.57,3.9,8.05,0.54,47.83
20.1,25.36,7.51,8.26,0.51,78.88
23.22,30.17,8.13,10.53,0.54,68.26
24.58,35.28,8.37,10.01,0.56,69.9
28.53,37.1,8.29,5.86,0.56,76.66
33.75,39.99,9.59,7.12,0.68,93.86
34.26,43.97,7.82,5.15,0.59,111.02
27.45,39.93,5.09,5.47,0.49,109.11
36.96,49.76,6.93,14.17,0.59,115.26
55.21,65.65,12.05,22.1,0.77,107.1
59.16,73.69,13.31,19.7,0.78,117.72
55.16,68.76,13.62,16.91,0.82,108.59
37.28,51.4,10.54,7.6,0.57,134.84
32.56,47.49,6.44,6.65,0.52,117.7
21.37,33.26,5.43,5.36,0.43,97.56
23.76,34.71,7.59,14.77,0.46,101.2
39.35,50.05,9.33,17.57,0.66,105.93
23.23,33.68,7.96,5.58,0.54,129.46
25.28,36.15,6.86,6.24,0.65,110.24
22.86,24.83,7.7,9.7,0.72,105.49
10.05,17.64,6.24,12.66,0.63,44.86
12.58,19.4,6.1,8.07,0.5,48.68
9.18,16.87,2.86,5.02,0.33,56.76
16.19,24.89,2.45,4.6,0.44,69.97
17.63,24.14,7.24,8.36,0.49,67.83
20.43,29.3,5.41,22.77,0.54,38.47
10.6,17.42,2.34,13.47,0.52,26.76
5.59,9.35,1.86,5.26,0.45,37.1
8.47,14.23,1.89,6.59,0.39,34.39
10.07,16.7,2.05,5.4,0.43,35.86
11.4,18.35,2.66,10.61,0.47,22.51
13.34,20.71,3.49,11.63,0.55,22.65
18.48,33.18,5.73,7.21,0.54,45.23
10.79,22.51,7.24,9.14,0.47,43.67
9.69,20.97,7.27,8.48,0.61,41.1
15.84,27.07,8.03,6.53,0.62,54.6
16.98,30.37,7.23,6.08,0.62,50.86
24.81,33.4,8.81,7.62,0.7,67.45
20.36,27.77,8.87,9.74,0.76,60.08
17.52,25.47,7.58,12.07,0.72,58.64
18.94,26.72,7.87,13.83,0.66,54.94
12.85,22.79,3.1,5.7,0.52,63.33
12.29,21.55,2.44,5.68,0.42,63.1
15.86,26.16,5.33,8.68,0.42,46.15
23.42,35.0,8.46,9.02,0.56,65.01
14.24,21.76,8.33,8.97,0.64,56.75
14.74,23.63,8.59,9.27,0.55,57.83
23.66,32.84,8.47,6.86,0.56,70.05
33.48,46.92,7.79,7.7,0.58,82.61
29.22,44.89,5.57,8.39,0.57,84.37
23.45,33.19,5.37,6.46,0.54,77.8
38.95,46.77,7.79,7.29,0.62,86.04
49.97,63.2,8.34,11.92,0.75,109.67
46.02,60.5,7.93,17.26,0.8,91.45
49.74,64.56,9.62,18.69,0.9,92.64
37.48,51.79,7.68,11.76,0.79,94.94
14.11,26.28,4.45,8.01,0.56,71.89
10.12,18.82,2.25,7.52,0.43,54.76
10.88,22.08,2.75,6.09,0.4,61.72
20.62,38.13,5.84,9.21,0.64,53.41
22.11,34.71,5.67,7.72,0.65,62.72
29.21,38.35,7.29,10.96,0.56,72.93
26.43,37.92,8.34,17.2,0.43,71.23
27.1,37.28,9.81,14.59,0.4,79.91
24.39,44.05,8.46,24.26,0.44,64.45
11.06,19.65,2.82,9.11,0.39,73.03
13.69,22.87,2.56,6.02,0.38,67.01
25.21,35.89,6.14,10.38,0.43,66.33
47.25,61.23,9.08,16.93,0.59,95.18
18.7,31.71,5.41,7.15,0.61,90.04
17.33,27.53,3.37,3.84,0.46,75.97
10.34,18.18,3.84,5.93,0.43,65.96
13.65,22.23,3.22,5.77,0.39,64.46
17.0,26.25,5.26,6.26,0.37,71.33
36.52,48.95,6.23,9.12,0.56,73.4
25.08,42.56,5.58,8.25,0.56,72.29
23.81,37.25,3.1,7.69,0.59,71.1
11.9,24.15,1.59,5.42,0.5,68.89
12.27,21.0,1.49,4.42,0.38,65.23
8.42,14.38,1.79,7.69,0.42,43.45
9.41,16.78,1.92,10.96,0.45,32.16
8.73,13.76,1.6,11.5,0.46,23.96
12.45,21.92,3.42,13.14,0.57,25.85
11.75,23.6,6.29,10.05,0.87,22.53
12.98,19.28,6.79,8.06,0.75,52.03
15.26,19.42,6.54,7.56,0.45,62.58
14.03,27.42,5.5,7.19,0.33,80.69
13.9,27.42,3.04,3.87,0.32,81.9
13.78,27.82,1.74,5.26,0.37,75.39
11.4,22.91,1.63,6.4,0.38,73.82
12.01,18.3,1.62,7.12,0.37,71.14
19.12,27.75,4.3,11.34,0.41,69.69
28.32,37.0,6.37,18.03,0.5,78.82
22.58,38.41,3.41,26.48,0.58,45.47
12.49,24.42,2.79,8.83,0.43,49.78
16.83,26.66,1.74,4.58,0.37,55.57
19.77,29.29,2.39,8.95,0.45,57.74
21.09,35.78,4.36,7.62,0.48,60.45
18.17,33.69,2.71,4.02,0.49,73.33
18.86,31.14,1.9,4.54,0.47,67.86
14.88,25.45,2.0,3.99,0.46,68.37
10.17,21.08,1.69,3.15,0.39,70.15
9.03,19.1,1.87,5.08,0.44,57.02
14.74,31.51,7.18,10.9,0.74,46.72
12.0,24.87,7.5,11.85,0.74,36.69
12.15,27.91,7.46,15.23,0.78,19.15
21.52,32.96,6.77,8.89,0.76,55.36
29.28,44.43,6.66,13.0,0.82,54.98
43.57,52.24,7.37,10.1,0.76,71.08
32.53,47.05,7.54,8.7,0.67,92.37
42.64,53.71,6.69,11.29,0.74,86.7
40.41,48.57,6.95,11.23,0.67,80.14
33.87,42.25,6.76,17.67,0.56,87.52
29.71,39.44,7.13,11.92,0.51,76.06
32.79,43.9,6.36,15.22,0.58,85.03
24.98,33.47,4.3,8.87,0.56,77.79
34.72,46.86,7.31,7.1,0.57,73.26
40.52,50.37,7.73,6.11,0.64,86.74
31.52,42.72,6.11,5.05,0.51,90.47
25.46,39.96,2.91,9.37,0.47,80.5
28.44,38.51,3.48,11.5,0.48,48.02
42.1,43.54,3.39,5.23,0.39,40.99
25.09,30.1,3.08,4.78,0.36,45.74
19.22,25.13,2.72,3.06,0.33,43.24
14.84,21.37,1.78,3.21,0.34,36.72
12.46,16.89,1.75,3.1,0.38,36.08
10.66,14.38,1.57,3.22,0.41,31.4
17.28,26.48,3.34,3.61,0.38,37.49
9.37,20.17,5.7,4.68,0.61,51.75
14.55,22.63,1.96,4.87,0.62,55.25
16.56,24.4,2.21,4.59,0.6,61.15
23.8,38.23,6.83,4.09,0.6,75.79
16.25,27.71,2.71,2.86,0.49,66.88
15.81,24.29,1.92,3.96,0.42,49.62
12.85,17.92,1.74,4.81,0.42,33.98
12.35,16.68,2.01,3.82,0.4,23.01
11.66,14.91,1.76,2.57,0.32,27.66
7.95,12.26,1.47,2.93,0.26,27.32
6.38,9.65,1.52,2.77,0.22,35.37
11.82,14.24,2.06,5.52,0.33,29.24
11.41,17.62,1.64,3.0,0.3,43.14
16.31,29.35,5.71,7.74,0.53,28.44
18.87,28.77,7.76,5.75,0.51,52.24
17.52,25.51,4.93,4.38,0.4,94.03
14.85,22.85,2.24,4.76,0.39,88.73
10.47,19.69,1.59,4.8,0.35,80.9
10.29,19.16,1.55,5.31,0.38,72.0
13.41,17.07,1.76,9.9,0.44,53.3
15.47,17.83,2.5,10.08,0.48,60.64
16.76,20.8,2.58,9.82,0.53,59.54
14.95,18.2,2.1,3.96,0.48,67.28
13.95,19.52,1.95,5.03,0.58,69.51
13.24,21.33,2.09,12.24,0.45,39.37
19.23,30.56,6.54,11.48,0.56,57.34
24.44,40.53,8.48,6.08,0.65,98.15
27.1,38.5,7.34,6.98,0.61,112.86
20.9,41.24,3.12,7.68,0.53,103.48
15.42,38.17,1.9,4.93,0.43,89.01
16.76,40.77,1.89,3.97,0.41,82.46
17.93,35.28,1.96,4.38,0.42,80.12
17.09,28.13,1.99,5.55,0.43,79.86
25.5,34.38,3.07,5.89,0.53,92.56
23.47,30.01,2.48,5.87,0.54,77.26
20.3,26.53,2.06,4.85,0.5,72.19
18.23,24.9,2.09,4.05,0.45,82.66
17.14,24.53,2.03,6.51,0.44,69.01
21.02,28.09,2.43,9.69,0.47,65.9
24.66,32.55,2.76,8.41,0.46,70.84
17.26,25.58,1.96,5.47,0.37,62.01
13.47,19.49,1.79,5.4,0.41,56.92
16.72,23.67,2.89,8.31,0.45,51.79
16.87,34.94,6.89,5.22,0.53,73.44
29.63,76.16,3.99,5.39,0.46,104.91
22.72,57.33,1.99,4.28,0.5,103.18
15.04,25.54,1.51,4.59,0.48,71.77
13.39,19.13,1.59,5.45,0.48,51.08
8.85,12.69,1.33,4.32,0.44,39.34
7.9,10.7,1.33,3.39,0.37,36.55
7.52,11.03,1.43,4.69,0.39,34.67
17.84,26.6,4.84,8.67,0.48,35.76
14.94,25.86,6.18,10.1,0.69,61.17
10.72,22.51,6.51,9.54,0.75,56.35
14.44,27.54,4.38,8.11,0.7,68.81
15.82,25.23,1.86,4.05,0.56,70.75
13.41,20.36,1.31,3.59,0.53,63.5
11.73,17.11,1.46,3.32,0.51,52.28
10.83,15.11,1.47,7.06,0.49,43.93
9.41,12.82,1.3,2.79,0.37,44.45
10.53,13.99,1.52,7.85,0.52,41.13
11.58,14.75,1.73,8.3,0.5,33.24
12.3,15.65,1.86,5.32,0.35,34.47
19.12,24.58,2.66,6.65,0.34,35.7
18.33,25.72,2.28,5.72,0.4,52.76
16.85,23.85,1.98,4.26,0.41,55.06
15.17,21.44,2.1,5.99,0.36,39.23
11.39,14.98,2.23,6.63,0.36,32.35
10.27,15.7,2.27,5.88,0.4,28.66
9.74,12.29,1.87,4.77,0.35,30.29
10.39,12.9,1.46,4.19,0.36,37.24
8.63,13.49,1.61,3.8,0.35,41.77
5.53,8.91,1.66,4.45,0.36,38.52
6.28,9.29,1.55,2.66,0.32,56.77
8.29,12.67,1.5,6.42,0.47,64.24
10.28,15.32,2.11,4.09,0.46,62.79
7.47,11.57,1.45,3.34,0.42,44.81
6.07,9.34,1.3,6.19,0.44,32.76
6.38,10.77,1.35,5.83,0.46,40.7
10.41,14.14,2.0,5.56,0.47,40.41
10.2,14.17,2.14,7.09,0.48,34.54
9.15,12.95,1.67,7.03,0.46,32.59
8.73,12.3,1.57,7.43,0.51,32.18
6.96,9.69,1.1,4.84,0.52,36.72
5.29,6.82,1.04,3.45,0.37,39.31
7.91,11.17,1.84,6.78,0.52,30.45
9.77,11.35,2.34,5.3,0.49,30.05
12.61,15.66,2.15,6.37,0.54,32.57
11.55,15.53,1.8,5.08,0.49,39.34
11.45,18.37,1.67,11.07,0.49,38.19
11.14,15.42,2.02,10.0,0.45,29.51
9.05,12.13,1.4,5.52,0.35,45.91
7.05,11.1,1.47,4.87,0.37,44.03
5.98,10.52,1.36,7.01,0.36,50.2
7.6,12.65,1.98,10.73,0.38,33.78
10.89,15.38,2.62,7.57,0.38,26.45
10.83,16.01,3.04,8.22,0.41,29.58
9.76,13.51,2.67,6.38,0.37,35.23
11.59,16.57,2.86,8.7,0.43,37.29
11.4,16.78,2.58,8.35,0.45,41.55
13.42,21.96,2.14,5.2,0.41,56.98
7.44,10.93,1.61,4.88,0.46,45.86
8.04,14.32,3.71,10.74,0.49,36.2
18.29,30.2,7.63,6.92,0.57,68.7
19.0,34.39,6.78,3.08,0.55,99.74
16.62,33.41,5.56,5.36,0.48,71.64
12.22,24.45,4.21,4.63,0.39,62.7
9.21,16.88,2.79,5.49,0.37,53.89
6.37,11.74,1.74,10.51,0.41,41.5
3.47,12.7,1.25,4.19,0.32,43.45
3.58,12.53,1.29,3.15,0.33,47.96
5.12,10.08,1.53,7.56,0.34,39.81
12.1,17.42,2.97,14.07,0.55,35.93
15.14,23.26,4.37,13.39,0.59,42.74
11.49,20.39,3.91,9.48,0.41,42.07
7.3,12.19,2.05,8.1,0.48,42.38
6.77,15.56,1.72,7.12,0.47,44.67
6.03,14.54,1.34,9.6,0.39,47.34
4.78,12.52,1.43,7.14,0.38,54.81
6.71,11.73,1.62,8.54,0.41,55.97
6.43,12.17,1.74,7.67,0.41,58.09
6.29,10.45,1.74,6.16,0.41,55.53
7.36,13.19,1.9,9.53,0.45,41.86
9.85,21.93,1.5,11.78,0.48,35.39
5.79,13.3,1.83,6.96,0.48,35.83
7.3,12.32,2.74,6.86,0.43,41.64
10.39,13.73,2.22,4.62,0.43,61.97
8.85,11.11,1.93,3.84,0.48,65.92
6.91,10.93,1.74,3.57,0.44,63.86
6.39,12.07,1.55,6.66,0.48,60.54
5.12,10.61,1.49,4.29,0.44,57.97
5.82,12.18,1.53,4.41,0.45,61.83
8.04,19.52,2.23,12.18,0.47,53.22
8.41,14.7,1.89,11.74,0.48,48.28
7.25,17.94,2.38,11.78,0.45,47.1
8.47,12.22,2.18,9.39,0.45,48.41
9.29,12.75,2.85,7.95,0.45,47.62
10.57,16.22,2.82,8.22,0.48,33.13
6.99,10.42,2.02,6.99,0.46,24.6
10.57,16.39,2.54,7.3,0.49,35.57
15.03,19.13,2.79,6.03,0.42,69.37
9.07,13.51,2.14,8.95,0.49,53.96
9.29,14.23,2.63,4.5,0.49,57.71
7.17,12.51,2.91,4.81,0.47,50.59
5.18,8.11,2.04,5.2,0.5,42.8
8.01,13.52,2.3,7.14,0.51,31.23
4.19,9.22,1.48,9.9,0.55,31.04
6.12,19.36,1.71,11.34,0.62,29.86
5.9,14.75,2.36,9.76,0.56,32.46
6.05,11.67,1.78,1.67,0.49,55.2
10.14,16.42,3.05,2.0,0.47,58.4
9.01,13.72,2.04,6.69,0.61,58.04
10.18,20.09,1.95,14.05,0.65,34.6
8.0,15.35,1.76,15.02,0.52,27.74
7.16,14.03,1.82,14.73,0.54,19.96
5.25,11.4,1.47,10.37,0.47,24.21
6.01,10.44,1.42,11.17,0.42,35.43
6.75,14.33,1.47,12.62,0.47,28.74
7.14,14.49,1.94,11.32,0.48,27.99
6.49,14.0,1.99,9.15,0.46,31.3
8.09,16.54,2.14,8.38,0.38,38.2
10.38,20.46,2.1,10.56,0.39,41.25
11.14,23.63,2.5,11.83,0.41,41.83
12.74,21.55,2.86,12.3,0.41,37.93
11.68,18.1,3.26,8.52,0.39,34.25
10.81,17.11,2.65,9.44,0.4,27.03
15.79,22.81,4.08,10.95,0.46,27.96
13.86,22.82,4.95,10.98,0.49,16.99
26.46,34.84,5.94,3.9,0.39,92.32
10.85,17.1,2.93,4.5,0.37,63.18
9.97,18.51,2.98,2.85,0.34,57.77
7.61,12.94,2.46,3.34,0.32,51.56
4.68,11.18,1.97,4.87,0.33,41.17
9.68,15.25,2.78,2.78,0.36,55.3
12.32,25.72,5.13,4.02,0.37,51.65
10.93,18.55,3.54,11.57,0.49,34.86
8.88,19.59,3.09,13.57,0.5,35.28
7.06,14.21,1.9,10.09,0.42,38.47
6.9,12.21,1.88,7.25,0.38,44.48
8.69,20.27,2.21,8.01,0.43,45.53
8.66,15.21,2.57,7.15,0.45,48.95
8.43,12.91,2.36,6.21,0.38,46.9
8.18,13.5,2.15,4.73,0.35,51.13
7.63,14.89,2.19,5.55,0.37,42.71
10.26,16.99,4.06,6.62,0.38,48.64
17.37,32.08,8.07,5.05,0.48,70.58
16.94,26.96,4.16,14.07,0.57,39.1
6.91,20.74,2.26,5.34,0.25,43.29
4.8,9.24,1.67,5.41,0.34,44.94
10.33,19.85,1.45,4.2,0.35,46.38
7.33,12.53,1.78,3.58,0.34,43.52
9.65,14.32,1.99,5.07,0.43,41.92
8.16,12.83,2.14,2.77,0.35,50.94
7.65,12.55,2.35,4.87,0.38,41.49
9.66,14.67,2.57,7.94,0.36,33.53
10.49,17.31,2.74,8.56,0.35,36.17
12.07,17.52,3.62,7.81,0.33,34.99
14.31,22.18,4.66,7.51,0.35,37.23
11.89,28.12,9.16,6.77,0.37,36.75
12.41,28.32,9.19,7.66,0.43,51.87
16.56,25.46,5.9,8.26,0.44,70.4
25.8,40.51,9.05,10.89,0.41,77.79
32.99,44.85,6.36,9.91,0.48,93.3
21.98,29.81,4.54,7.34,0.42,48.53
20.06,28.26,6.31,9.32,0.39,48.84
35.3,46.15,9.19,7.86,0.52,73.35
19.51,37.19,6.97,5.98,0.44,59.12
7.64,16.11,2.56,3.14,0.38,42.26
3.6,8.18,1.87,3.98,0.52,30.49
7.84,12.58,2.3,9.02,0.34,32.73
10.48,14.61,3.09,7.93,0.33,29.11
8.23,12.14,2.73,5.07,0.29,33.32
8.02,12.17,2.71,5.43,0.31,29.42
10.05,14.24,3.19,5.49,0.37,36.75
13.4,18.44,4.23,5.77,0.43,38.04
10.64,14.99,3.78,5.6,0.38,34.58
15.68,21.56,3.37,4.92,0.4,44.95
22.29,37.97,8.42,6.02,0.45,72.86
23.89,41.49,8.63,7.47,0.58,68.45
29.56,40.73,9.73,9.7,0.67,68.01
32.56,41.69,8.09,7.26,0.61,94.37
28.85,39.3,8.0,3.65,0.48,121.49
29.52,46.95,7.11,3.45,0.47,120.66
34.15,47.6,10.41,4.74,0.48,137.38
40.34,51.88,10.39,10.8,0.57,111.23
46.11,59.75,10.87,11.23,0.67,111.34
40.45,53.46,9.88,7.04,0.58,122.44
25.48,35.38,5.13,5.89,0.46,90.33
18.01,26.05,3.01,7.72,0.45,62.28
19.26,26.83,4.15,7.88,0.47,55.58
40.47,55.5,7.06,6.83,0.61,87.52
32.48,43.69,7.93,4.5,0.62,101.22
18.44,29.01,5.04,3.06,0.43,81.94
11.81,19.34,2.41,3.27,0.41,62.12
11.14,17.24,2.57,5.49,0.42,48.85
12.16,17.54,3.14,6.24,0.37,44.96
13.51,21.89,4.03,9.1,0.4,35.33
11.6,32.64,7.78,6.73,0.43,43.54
16.43,27.47,3.58,4.11,0.45,76.01
13.04,20.59,2.07,3.36,0.41,48.52
10.79,17.53,1.84,3.34,0.41,52.95
10.84,20.2,2.12,3.55,0.41,61.01
13.46,19.07,2.91,3.47,0.4,58.56
20.74,32.78,4.94,3.63,0.41,75.79
18.45,29.54,3.49,4.16,0.42,67.31
17.95,26.46,3.11,5.77,0.46,64.95
29.85,41.9,6.3,6.77,0.56,81.64
34.12,52.33,8.54,7.79,0.65,115.15
29.77,44.14,9.17,10.25,0.54,119.58
27.75,41.51,10.29,17.82,0.48,91.9
23.67,43.73,9.09,22.54,0.47,92.89
24.62,40.79,8.37,21.22,0.44,92.53
27.59,46.7,7.95,15.94,0.48,96.48
25.25,40.12,7.07,13.21,0.49,80.31
17.71,23.0,5.53,5.79,0.41,71.35
14.14,22.47,5.19,10.13,0.41,43.9
7.66,16.87,1.88,3.03,0.33,49.18
7.5,15.24,2.04,2.73,0.28,46.48
17.7,29.47,6.11,4.59,0.36,47.7
19.45,28.34,5.21,3.18,0.34,61.99
15.79,25.74,2.59,3.16,0.39,60.48
11.07,20.03,1.9,3.56,0.39,44.26
12.0,22.46,2.03,4.9,0.4,52.62
14.5,21.51,2.71,3.25,0.39,64.8
19.65,28.93,2.78,3.28,0.46,66.82
15.68,25.05,2.39,6.81,0.4,45.8
13.79,22.31,2.93,7.96,0.41,32.05
12.5,19.14,2.7,7.23,0.42,32.11
11.1,16.68,2.43,5.33,0.42,37.31
15.49,25.27,5.28,6.57,0.42,37.56
16.79,27.5,4.34,4.71,0.4,53.98
14.84,24.5,3.24,7.36,0.38,43.69
12.74,29.91,7.33,8.27,0.58,48.26
22.42,38.36,8.54,7.66,0.57,73.08
19.35,31.01,6.13,4.57,0.46,76.85
21.58,26.55,7.3,5.31,0.4,78.14
21.23,29.28,9.01,7.49,0.45,69.59
14.9,30.29,8.97,21.13,0.62,37.93
13.26,24.4,8.76,14.68,0.62,36.72
11.91,22.58,7.56,4.73,0.36,62.51
16.14,24.62,3.28,3.25,0.38,66.37
13.39,22.57,2.04,3.58,0.41,61.47
10.92,21.35,2.0,4.38,0.38,46.6
9.71,17.92,2.32,5.86,0.38,42.34
9.3,15.89,2.28,5.43,0.35,40.55
9.53,15.86,2.66,5.3,0.26,50.46
16.19,27.31,3.79,6.17,0.35,47.14
16.05,34.83,6.89,8.33,0.49,45.52
17.54,31.33,8.26,8.33,0.47,50.33
10.6,21.9,8.53,9.01,0.44,42.75
13.44,25.23,6.8,7.47,0.35,50.02
15.25,27.08,8.52,9.14,0.48,49.51
16.72,30.97,9.04,9.84,0.54,48.94
17.55,28.77,9.25,10.69,0.61,56.67
18.77,34.22,8.94,8.85,0.6,63.14
27.15,38.22,10.72,6.68,0.44,62.78
17.45,32.31,9.29,8.12,0.6,59.84
22.9,37.16,9.15,6.82,0.54,61.26
20.34,34.82,8.16,6.65,0.52,70.94
17.36,27.55,3.52,6.96,0.5,70.15
17.47,27.43,3.13,6.99,0.46,63.79
15.0,22.12,3.15,6.27,0.38,59.34
9.39,15.67,2.27,3.79,0.28,66.2
27.11,32.68,10.33,5.78,0.35,67.47
22.47,35.79,9.15,12.74,0.66,59.08
9.74,22.64,6.11,5.78,0.54,62.19
12.83,23.78,4.06,5.7,0.45,60.62
13.87,31.73,8.37,5.31,0.45,69.91
18.63,42.43,9.06,6.16,0.5,79.98
11.65,25.65,9.29,7.84,0.54,60.72
18.03,29.49,10.39,7.64,0.53,54.62
17.18,30.2,9.78,6.95,0.7,55.17
